ano,sigla_uf,rede,escolaridade,numero_docentes,prop_docentes_rais,rem_bruta_rais_1_quartil,rem_bruta_rais_mediana,rem_bruta_rais_media,rem_bruta_rais_3_quartil,rem_bruta_rais_desvio_padrao,carga_horaria_media_semanal,rem_media_40_horas_semanais
2014,DF,estadual,sem superior,898,98.1069,3416.16,3848.44,4653.632,5605.05,1648.804,33.91258,5488.975
2014,GO,estadual,sem superior,2250,98.97778,1105.24,1331.38,1417.105,1596.7,557.267,36.48251,1553.736
2014,MS,estadual,sem superior,426,95.53991,1249.72,1753.566,1872.274,2363.04,892.124,20.30959,3687.468
2014,MT,estadual,sem superior,993,98.08661,699.1401,819.86,917.7325,1042.58,412.3462,40.0,917.7325
2014,AL,estadual,sem superior,1588,14.86146,1305.62,1392.12,1750.659,1840.24,918.6773,26.58132,2634.42
2014,BA,estadual,sem superior,5570,31.3465,1081.64,1693.79,2065.394,2873.79,1173.557,32.91287,2510.135
2014,CE,estadual,sem superior,2916,61.45405,823.1695,1099.185,1172.378,1477.949,465.7484,25.48544,1840.075
2014,MA,estadual,sem superior,1574,78.33545,800.6,953.94,1603.602,2194.69,1066.362,21.72226,2952.918
2014,PB,estadual,sem superior,3467,82.29016,843.16,876.91,1094.649,1118.16,420.4507,30.00525,1459.277
2014,PE,estadual,sem superior,2024,93.33004,1292.44,1295.15,1428.041,1351.35,375.5434,31.66355,1804.018
2014,PI,estadual,sem superior,1458,77.29767,851.85,1268.64,1496.721,2105.84,780.2518,30.21559,1981.388
2014,RN,estadual,sem superior,785,59.87261,1979.93,2231.73,2275.311,2552.07,443.0232,40.0,2275.311
2014,SE,estadual,sem superior,194,97.42268,3058.65,3446.04,3575.992,3936.89,672.7322,39.96409,3579.206
2014,AC,estadual,sem superior,1580,73.98734,980.19,1415.13,1657.218,2160.85,866.247,27.19695,2437.358
2014,AM,estadual,sem superior,480,87.70833,1511.58,1834.93,2014.948,2281.63,968.4208,30.0,2686.598
2014,AP,estadual,sem superior,1393,78.96626,2781.81,3299.56,3630.592,4152.14,1066.758,39.98012,3632.397
2014,PA,estadual,sem superior,653,96.01838,2787.95,3575.79,3735.67,4322.7,1381.936,20.08329,7440.352
2014,RO,estadual,sem superior,508,93.50394,1795.06,1843.15,1846.709,1924.49,386.1384,38.44462,1921.423
2014,RR,estadual,sem superior,1555,97.29904,1607.68,1757.0,2250.683,2845.12,794.8927,33.53862,2684.288
2014,TO,estadual,sem superior,467,93.57602,1132.79,1748.274,1743.031,2065.4,733.9301,40.0,1743.031
2014,ES,estadual,sem superior,415,97.10843,1139.2,1546.959,1649.966,2067.35,804.5797,36.83432,1791.77
2014,MG,estadual,sem superior,6032,95.35809,873.02,1400.55,1437.377,1800.22,743.0244,24.34929,2361.262
2014,RJ,estadual,sem superior,1191,92.52729,,,,,,,
2014,SP,estadual,sem superior,14958,98.99051,1464.42,1866.72,1971.583,2297.135,962.0301,38.26475,2060.991
2014,PR,estadual,sem superior,2253,96.89303,865.4,1169.74,1254.849,1597.34,582.5301,39.81199,1260.775
2014,RS,estadual,sem superior,5102,98.41239,1499.88,1974.03,2036.529,2418.4,756.1163,31.17251,2613.237
2014,SC,estadual,sem superior,4815,99.41848,1340.47,1852.59,1897.819,2438.34,684.1559,25.55808,2970.206
2015,DF,estadual,sem superior,920,97.93478,3963.42,5044.06,5344.921,6301.53,1747.314,34.78587,6146.083
2015,GO,estadual,sem superior,2262,99.4695,1158.92,1408.08,1492.501,1619.92,609.7091,39.2018,1522.89
2015,MS,estadual,sem superior,488,96.10656,1495.677,2189.924,2342.833,2941.295,1099.574,20.23923,4630.282
2015,MT,estadual,sem superior,964,98.13278,785.01,999.17,1014.776,1042.21,453.6646,40.0,1014.776
2015,AL,estadual,sem superior,1258,52.62321,918.33,1339.2,1404.633,1651.68,853.8072,33.81716,1661.444
2015,BA,estadual,sem superior,5837,25.86945,1014.52,1301.65,1889.799,2700.94,1193.761,31.99649,2362.508
2015,CE,estadual,sem superior,2608,89.80061,902.8132,1171.379,1327.072,1605.72,613.6069,28.21387,1881.446
2015,MA,estadual,sem superior,1884,86.8896,962.3,1092.5,1717.796,2234.65,1166.664,22.22321,3091.896
2015,PB,estadual,sem superior,2598,84.06467,907.16,924.43,1118.947,1099.66,383.7838,30.00297,1491.781
2015,PE,estadual,sem superior,2005,93.41646,1308.7,1308.7,1482.286,1526.975,467.4328,31.88499,1859.541
2015,PI,estadual,sem superior,1283,73.42167,1032.88,1391.4,1727.147,2468.86,857.8528,29.55253,2337.731
2015,RN,estadual,sem superior,664,68.5241,2069.24,2444.84,2519.284,2897.5,534.0818,40.0,2519.284
2015,SE,estadual,sem superior,182,99.45055,3196.19,3498.86,3625.04,4106.83,600.1627,39.99242,3625.727
2015,AC,estadual,sem superior,1584,81.37626,1056.63,1809.85,2006.683,2413.14,1445.423,27.08983,2963.006
2015,AM,estadual,sem superior,516,86.24031,1261.24,1423.41,1773.343,1862.09,916.7353,30.0,2364.457
2015,AP,estadual,sem superior,1329,63.5064,3510.59,3873.34,4266.799,4809.6,1219.462,39.98621,4268.271
2015,PA,estadual,sem superior,695,95.53957,2875.89,3939.27,4104.439,4870.59,1538.769,21.13493,7768.068
2015,RO,estadual,sem superior,512,91.79688,2021.81,2770.039,2724.472,2943.009,1024.026,38.25874,2848.47
2015,RR,estadual,sem superior,1592,96.98492,1668.58,1784.35,2382.962,3051.13,922.8906,34.23776,2784.016
2015,TO,estadual,sem superior,609,89.49097,1363.36,1823.85,2104.693,3063.85,925.9795,40.0,2104.693
2015,ES,estadual,sem superior,489,96.11452,1101.85,1699.798,1723.011,2147.797,883.0824,37.12205,1856.59
2015,MG,estadual,sem superior,7496,95.70438,870.28,1361.89,1410.469,1749.08,732.5636,24.34372,2317.59
2015,RJ,estadual,sem superior,1030,94.75728,1415.54,2041.15,2305.747,2747.33,1277.017,36.02519,2560.15
2015,SP,estadual,sem superior,12449,97.81509,1647.79,2022.84,2148.346,2478.29,1026.714,36.94994,2325.683
2015,PR,estadual,sem superior,1551,95.80916,873.83,1225.39,1331.681,1660.23,641.2213,21.28281,2502.83
2015,RS,estadual,sem superior,4926,98.98498,1642.53,2218.87,2300.696,2770.57,886.4092,34.76944,2646.802
2015,SC,estadual,sem superior,5173,99.57471,1496.94,2174.033,2170.68,2808.01,771.6109,26.55933,3269.178
2016,DF,estadual,sem superior,848,97.40566,3809.0,5212.3,5430.283,6622.71,1825.877,34.57481,6282.358
2016,GO,estadual,sem superior,2710,99.11439,1209.71,1504.03,1528.632,1661.36,566.2129,39.33334,1554.541
2016,MS,estadual,sem superior,524,95.03817,1834.82,2613.723,2794.128,3570.49,1308.048,20.08294,5565.176
2016,MT,estadual,sem superior,954,97.06499,929.28,1231.53,1228.603,1261.66,536.6063,39.98824,1228.964
2016,AL,estadual,sem superior,826,64.64891,950.0,1361.74,1393.181,1635.49,587.0637,34.71896,1605.096
2016,BA,estadual,sem superior,3745,51.61549,1014.35,1238.34,1767.011,2287.57,1141.676,31.3337,2255.732
2016,CE,estadual,sem superior,1998,89.98999,1036.826,1384.82,1495.712,1783.396,658.3803,27.54081,2172.357
2016,MA,estadual,sem superior,1968,83.94309,1122.84,1128.91,2047.562,2512.75,1512.545,22.62853,3619.434
2016,PB,estadual,sem superior,1962,87.61468,999.16,1007.91,1142.304,1100.83,310.1563,30.01282,1522.421
2016,PE,estadual,sem superior,1827,96.38752,1308.7,1308.7,1498.165,1526.98,485.6018,32.09232,1867.319
2016,PI,estadual,sem superior,1921,49.29724,968.4622,1234.53,1676.932,2030.93,958.7321,29.00188,2312.86
2016,RN,estadual,sem superior,679,72.01767,2304.3,2586.98,2717.384,3115.55,543.5057,40.0,2717.384
2016,SE,estadual,sem superior,154,100.0,3488.405,3713.47,3839.272,4127.63,680.6203,39.81557,3857.056
2016,AC,estadual,sem superior,1491,93.22602,1155.0,1602.73,1763.645,2103.58,963.9784,27.33358,2580.921
2016,AM,estadual,sem superior,538,93.6803,1741.38,2208.87,2593.83,3167.24,1207.14,30.0,3458.44
2016,AP,estadual,sem superior,1330,93.60902,2296.19,2622.84,2718.026,2851.21,755.6488,39.97002,2720.065
2016,PA,estadual,sem superior,401,95.7606,3440.935,4203.71,4376.019,5195.09,1491.19,20.69881,8456.563
2016,RO,estadual,sem superior,429,95.5711,2387.14,2638.2,2601.175,2718.04,815.7285,38.13763,2728.198
2016,RR,estadual,sem superior,1642,95.73691,1967.78,2644.34,2716.51,3321.31,900.4361,34.43824,3155.225
2016,TO,estadual,sem superior,579,94.12781,1338.07,1790.0,2003.071,2828.826,869.0651,40.0,2003.071
2016,ES,estadual,sem superior,295,97.28814,1387.57,2037.62,2022.524,2499.59,873.0812,35.67741,2267.568
2016,MG,estadual,sem superior,7614,95.69215,1146.62,1770.97,1833.777,2267.79,932.5328,24.3633,3010.72
2016,RJ,estadual,sem superior,1285,95.5642,1189.92,1775.22,2140.584,2493.47,1311.702,35.56976,2407.195
2016,SP,estadual,sem superior,11516,97.78569,1640.29,2030.555,2123.466,2490.33,905.6618,37.2252,2281.751
2016,PR,estadual,sem superior,1994,87.41224,979.68,1305.44,1423.976,1769.28,633.6805,24.82508,2294.416
2016,RS,estadual,sem superior,4418,99.36623,1711.89,2270.97,2373.151,2806.33,896.1421,35.1853,2697.889
2016,SC,estadual,sem superior,3914,93.51048,1490.424,1966.306,2043.344,2634.44,730.8702,25.77433,3171.13
2017,DF,estadual,sem superior,820,99.14634,5061.8,5511.85,5861.248,6405.86,1562.407,33.37251,7025.241
2017,GO,estadual,sem superior,2784,99.8204,1454.5,1819.17,1820.671,2041.79,607.7148,39.14932,1860.233
2017,MS,estadual,sem superior,548,97.44526,1998.0,2933.592,3104.952,3999.107,1454.124,20.04067,6197.3
2017,MT,estadual,sem superior,965,98.13472,1151.85,1441.7,1469.161,1498.23,622.7479,40.0,1469.161
2017,AL,estadual,sem superior,678,64.15929,1211.158,1496.45,1665.297,1957.973,849.8773,34.59711,1925.36
2017,BA,estadual,sem superior,4019,53.6203,989.92,1159.14,1564.765,1614.1,967.3297,30.87545,2027.196
2017,CE,estadual,sem superior,1995,90.62657,1032.456,1374.467,1571.822,1844.26,753.634,26.77059,2348.58
2017,MA,estadual,sem superior,1463,88.10663,1179.9,1437.386,2132.071,2753.07,1363.392,23.4122,3642.666
2017,PB,estadual,sem superior,2411,64.70344,1131.16,1168.66,1335.925,1304.91,600.6701,30.01634,1780.264
2017,PE,estadual,sem superior,1942,93.76931,1319.51,1319.51,1575.326,1656.14,595.1075,32.72465,1925.553
2017,PI,estadual,sem superior,2771,44.0996,1007.39,1314.07,1761.479,2053.681,986.2215,28.0914,2508.211
2017,RN,estadual,sem superior,640,73.4375,2459.32,2740.03,2891.188,3107.905,627.8098,30.30183,3816.52
2017,SE,estadual,sem superior,159,96.22642,3649.74,3951.06,4016.042,4277.45,654.6682,39.96409,4019.651
2017,AC,estadual,sem superior,2713,52.37744,1182.27,1882.236,1980.693,2506.669,922.1171,27.37895,2893.745
2017,AM,estadual,sem superior,527,92.97913,1261.23,1509.745,1847.534,1997.21,970.7634,30.0,2463.378
2017,AP,estadual,sem superior,1173,93.17988,1234.71,1406.56,1602.653,2105.28,660.1396,39.91782,1605.952
2017,PA,estadual,sem superior,394,96.19289,3551.82,4326.66,4350.225,4999.24,1372.174,20.63773,8431.596
2017,RO,estadual,sem superior,389,96.14396,2218.25,2738.892,2654.116,2996.84,657.5028,38.90822,2728.591
2017,RR,estadual,sem superior,1463,98.22283,2864.6,3242.68,3502.549,3822.77,1010.833,32.72197,4281.588
2017,TO,estadual,sem superior,644,97.82609,1425.9,1903.03,2261.414,3500.38,979.1533,39.99162,2261.888
2017,ES,estadual,sem superior,292,97.60274,1365.495,2115.126,2116.854,2772.26,943.7116,31.82213,2660.857
2017,MG,estadual,sem superior,6867,96.38852,1407.31,2065.9,2117.925,2580.28,1034.747,24.29587,3486.889
2017,RJ,estadual,sem superior,981,94.29154,1297.29,1915.3,2278.793,2675.97,1343.912,27.07861,3366.188
2017,SP,estadual,sem superior,10349,97.16881,1843.28,2232.75,2283.907,2608.07,857.3632,36.17186,2525.617
2017,PR,estadual,sem superior,1040,83.36538,982.28,1237.09,1427.643,1776.55,710.5068,25.54337,2235.638
2017,RS,estadual,sem superior,4309,98.12021,1764.49,2319.42,2401.794,2843.23,889.4225,35.4275,2711.784
2017,SC,estadual,sem superior,3133,90.77561,1399.632,1693.476,1860.43,2381.597,718.2185,23.59598,3153.809
2014,DF,privada,sem superior,1782,87.87879,973.3857,1424.35,1710.56,2022.55,1090.188,29.9865,2281.773
2014,GO,privada,sem superior,4364,73.09808,888.04,1077.94,1366.203,1557.6,876.1371,33.27802,1642.169
2014,MS,privada,sem superior,968,74.48347,909.88,1265.2,1541.525,1884.15,861.1987,31.5679,1953.282
2014,MT,privada,sem superior,1124,68.23843,1027.16,1267.29,1422.19,1658.48,623.7677,29.77263,1910.734
2014,AL,privada,sem superior,3667,57.15844,744.11,818.52,1041.162,1120.38,593.6051,32.24674,1291.495
2014,BA,privada,sem superior,14538,51.05241,727.44,811.12,1089.668,1249.06,678.8555,33.63508,1295.871
2014,CE,privada,sem superior,8763,53.69166,724.0,745.93,959.7033,1021.09,596.9294,34.16673,1123.553
2014,MA,privada,sem superior,5836,31.23715,740.75,860.76,1082.519,1177.489,686.9039,33.60242,1288.621
2014,PB,privada,sem superior,4826,42.27103,699.89,755.01,916.3631,876.9,547.4089,29.493,1242.821
2014,PE,privada,sem superior,13153,50.73367,746.12,840.54,1069.579,1167.21,608.6851,33.46233,1278.546
2014,PI,privada,sem superior,2255,44.30155,753.0,790.0,1062.213,1195.278,664.4735,30.74174,1382.112
2014,RN,privada,sem superior,3388,60.89138,724.0,767.53,920.602,989.95,510.6398,35.57253,1035.183
2014,SE,privada,sem superior,1955,67.05882,704.35,746.13,882.0034,926.4478,559.4981,34.12642,1033.807
2014,AC,privada,sem superior,154,70.77922,1397.13,1761.696,2123.656,2312.826,1444.896,33.33825,2548.011
2014,AM,privada,sem superior,1310,77.55725,900.0,1312.24,1617.595,1857.45,1036.556,37.71624,1715.542
2014,AP,privada,sem superior,318,59.74843,820.77,1108.05,1236.838,1413.88,541.6032,34.2558,1444.238
2014,PA,privada,sem superior,3632,49.94493,893.0,973.02,1342.461,1502.46,912.9016,30.83753,1741.334
2014,RO,privada,sem superior,535,71.21495,856.04,1193.52,1466.226,1784.456,840.874,33.43319,1754.216
2014,RR,privada,sem superior,246,76.01626,832.5,1019.57,1331.28,1560.0,709.3972,38.28203,1391.023
2014,TO,privada,sem superior,587,65.24702,883.19,1282.05,1408.765,1670.33,666.2153,33.00584,1707.292
2014,ES,privada,sem superior,1117,76.36526,956.095,1219.87,1441.679,1663.53,804.6779,32.15811,1793.238
2014,MG,privada,sem superior,14103,66.02141,1018.413,1357.28,1600.446,1731.716,982.4337,33.75354,1896.626
2014,RJ,privada,sem superior,26661,77.51772,906.25,1050.195,1347.803,1374.58,966.8544,32.57229,1655.153
2014,SP,privada,sem superior,27367,80.78708,1130.85,1649.02,1829.724,1984.43,1118.272,35.4741,2063.166
2014,PR,privada,sem superior,6399,80.88764,907.58,1115.59,1324.927,1496.215,704.7233,32.12816,1649.553
2014,RS,privada,sem superior,9585,78.56025,936.68,1147.57,1343.182,1519.67,687.3115,33.8241,1588.432
2014,SC,privada,sem superior,4058,82.40513,1011.51,1266.81,1484.802,1757.84,782.479,32.25642,1841.248
2015,DF,privada,sem superior,2052,88.59649,1220.29,1662.41,2066.855,2405.79,1384.852,29.44666,2807.592
2015,GO,privada,sem superior,4531,75.30347,1007.77,1210.42,1531.478,1752.22,947.6082,32.72158,1872.132
2015,MS,privada,sem superior,1165,74.16309,1026.69,1395.879,1710.192,2140.12,905.5853,31.82229,2149.678
2015,MT,privada,sem superior,1156,71.36678,1169.54,1385.2,1608.804,1884.98,767.7544,29.80752,2158.924
2015,AL,privada,sem superior,4053,58.08043,808.0,890.92,1146.885,1285.73,658.1918,32.8392,1396.971
2015,BA,privada,sem superior,14707,51.87326,799.15,917.606,1209.836,1431.9,724.328,33.15084,1459.795
2015,CE,privada,sem superior,9081,56.61271,788.0,812.07,1089.176,1214.72,684.1574,33.93215,1283.945
2015,MA,privada,sem superior,6447,34.29502,804.89,962.8,1162.162,1282.93,659.8512,32.64243,1424.112
2015,PB,privada,sem superior,4866,42.27291,782.67,833.58,989.7208,972.02,563.89,29.90555,1323.795
2015,PE,privada,sem superior,13161,52.9823,812.07,919.26,1174.46,1291.373,642.2033,32.87916,1428.82
2015,PI,privada,sem superior,2330,50.25751,812.07,853.66,1113.494,1196.76,666.8579,31.61871,1408.652
2015,RN,privada,sem superior,3652,63.17087,788.0,851.0,1040.739,1168.77,562.0988,35.66085,1167.374
2015,SE,privada,sem superior,1977,67.42539,788.0,814.14,998.9602,1074.16,552.834,34.57961,1155.548
2015,AC,privada,sem superior,162,70.98765,1300.335,1741.25,2053.657,2458.89,1206.921,33.12381,2479.977
2015,AM,privada,sem superior,1353,75.83149,957.36,1417.75,1770.466,1998.98,1205.705,36.64819,1932.392
2015,AP,privada,sem superior,363,59.50413,897.11,1158.95,1370.646,1578.5,664.2145,35.11622,1561.269
2015,PA,privada,sem superior,3738,50.88283,960.97,1051.23,1495.137,1645.51,1050.835,31.18318,1917.876
2015,RO,privada,sem superior,568,67.60563,1002.299,1346.98,1647.608,2016.58,888.881,32.67423,2017.013
2015,RR,privada,sem superior,279,84.58781,968.4373,1203.05,1446.001,1666.665,683.0055,37.13481,1557.569
2015,TO,privada,sem superior,660,64.69697,1034.25,1412.98,1607.056,1849.22,1066.568,32.23718,1994.041
2015,ES,privada,sem superior,1152,78.81944,1040.78,1408.574,1642.857,1934.6,890.4131,31.07594,2114.636
2015,MG,privada,sem superior,13627,68.94401,1112.76,1487.994,1711.507,1894.7,995.0604,33.44346,2047.045
2015,RJ,privada,sem superior,26820,77.93438,992.2,1156.12,1498.411,1554.66,1074.002,32.48974,1844.781
2015,SP,privada,sem superior,28253,82.8443,1253.63,1852.62,2008.24,2167.22,1219.795,35.17404,2283.775
2015,PR,privada,sem superior,7035,81.02345,998.11,1246.66,1501.034,1710.51,819.7662,31.69262,1894.49
2015,RS,privada,sem superior,10256,80.65523,1054.75,1329.39,1501.341,1706.87,726.3608,33.84114,1774.575
2015,SC,privada,sem superior,4451,83.37452,1126.91,1417.81,1607.703,1901.72,778.2387,32.11753,2002.275
2016,DF,privada,sem superior,1871,89.25708,1360.278,1817.99,2296.559,2751.14,1598.589,29.38718,3125.933
2016,GO,privada,sem superior,4386,75.67259,1110.0,1353.44,1673.46,1899.3,1017.674,32.59995,2053.328
2016,MS,privada,sem superior,1134,75.92593,1105.09,1525.821,1838.0,2289.92,962.6153,30.95636,2374.956
2016,MT,privada,sem superior,1104,72.19203,1256.88,1572.55,1828.568,2101.4,912.1981,29.75097,2458.499
2016,AL,privada,sem superior,4207,58.30758,892.22,989.51,1206.041,1319.53,661.5594,31.82137,1516.013
2016,BA,privada,sem superior,15884,53.87812,882.64,994.15,1316.362,1536.31,798.8954,32.72767,1608.868
2016,CE,privada,sem superior,8983,58.53278,880.0,906.88,1190.546,1356.54,714.4232,33.48588,1422.147
2016,MA,privada,sem superior,6573,33.91146,890.02,1047.48,1253.813,1359.51,690.3445,32.76604,1530.625
2016,PB,privada,sem superior,4923,45.3179,872.02,933.82,1076.666,1044.9,577.7682,29.80287,1445.05
2016,PE,privada,sem superior,13555,54.70306,906.88,1007.155,1276.66,1398.11,685.1026,32.64575,1564.259
2016,PI,privada,sem superior,2353,50.70123,906.81,944.13,1257.957,1347.04,823.9716,31.09096,1618.422
2016,RN,privada,sem superior,3524,65.29512,880.0,946.96,1158.813,1275.18,696.9758,34.8273,1330.924
2016,SE,privada,sem superior,2031,67.99606,880.0,926.44,1101.924,1270.33,555.1207,33.96305,1297.792
2016,AC,privada,sem superior,158,72.78481,1340.855,1763.94,2064.932,2618.54,1141.241,34.5174,2392.917
2016,AM,privada,sem superior,1244,73.3119,1008.11,1465.27,1761.424,1987.72,1126.342,36.00944,1956.625
2016,AP,privada,sem superior,335,67.76119,964.68,1277.1,1477.892,1750.77,748.6968,35.00892,1688.59
2016,PA,privada,sem superior,3550,50.73239,1033.19,1132.05,1543.462,1782.095,1003.535,31.40389,1965.951
2016,RO,privada,sem superior,526,73.0038,1080.9,1446.09,1818.186,2175.031,1027.296,32.96259,2206.364
2016,RR,privada,sem superior,231,86.14719,1029.94,1344.36,1673.751,2203.07,794.1914,35.31379,1895.861
2016,TO,privada,sem superior,652,66.10429,1018.31,1457.9,1684.301,2083.99,1073.863,32.1005,2098.784
2016,ES,privada,sem superior,1089,78.23691,1153.38,1544.97,1843.643,2163.39,1006.202,30.50534,2417.469
2016,MG,privada,sem superior,13312,69.44111,1179.75,1595.16,1779.883,1983.57,1022.16,33.10892,2150.336
2016,RJ,privada,sem superior,27315,77.72286,1086.32,1253.54,1597.824,1657.85,1107.548,32.55617,1963.16
2016,SP,privada,sem superior,26050,83.47025,1359.18,1996.98,2191.663,2411.62,1345.234,34.64349,2530.534
2016,PR,privada,sem superior,6653,83.2707,1102.15,1394.709,1666.169,1909.53,925.6423,32.09121,2076.792
2016,RS,privada,sem superior,10301,80.90477,1177.484,1485.69,1665.669,1910.299,783.0693,34.02479,1958.183
2016,SC,privada,sem superior,4303,81.38508,1210.48,1590.56,1780.821,2143.27,848.4815,32.22705,2210.343
2017,DF,privada,sem superior,1653,87.77979,1501.33,2081.182,2559.031,2910.93,1778.163,28.78393,3556.194
2017,GO,privada,sem superior,4139,76.41942,1189.023,1490.52,1811.528,2075.29,1045.652,32.23552,2247.866
2017,MS,privada,sem superior,1058,78.16635,1166.66,1674.21,1948.733,2411.78,1036.285,30.27872,2574.393
2017,MT,privada,sem superior,1159,76.18637,1343.35,1680.45,1976.207,2355.04,984.0495,29.99883,2635.045
2017,AL,privada,sem superior,4161,59.1204,950.25,1057.76,1333.545,1472.72,772.6927,31.48824,1694.022
2017,BA,privada,sem superior,15929,53.58152,948.71,1090.91,1434.845,1698.7,870.1993,32.62848,1759.009
2017,CE,privada,sem superior,8775,58.849,937.0,965.63,1284.252,1477.08,795.697,32.73051,1569.486
2017,MA,privada,sem superior,6606,34.78656,952.86,1121.55,1341.571,1463.62,730.4345,33.08746,1621.849
2017,PB,privada,sem superior,4992,46.01362,941.9,995.33,1212.637,1164.24,744.2586,28.4065,1707.549
2017,PE,privada,sem superior,13340,54.06297,965.63,1077.182,1362.873,1462.45,739.6824,32.26847,1689.418
2017,PI,privada,sem superior,2230,50.85202,965.54,1017.02,1329.927,1385.34,840.5811,29.51016,1802.67
2017,RN,privada,sem superior,3442,66.12435,937.0,1025.12,1257.812,1441.48,688.5765,34.08924,1475.905
2017,SE,privada,sem superior,2012,69.88072,929.19,991.91,1172.608,1295.27,656.1837,33.43737,1402.752
2017,AC,privada,sem superior,161,72.67081,1464.45,1854.439,2302.594,2744.33,1275.199,31.71416,2904.184
2017,AM,privada,sem superior,1130,72.0354,1086.06,1497.21,1845.062,2042.79,1200.373,35.39977,2084.83
2017,AP,privada,sem superior,326,61.04294,1013.89,1405.32,1637.521,1940.99,806.8664,37.10559,1765.255
2017,PA,privada,sem superior,3387,50.33953,1126.68,1229.21,1663.163,1905.41,1116.852,31.22034,2130.871
2017,RO,privada,sem superior,497,78.67203,1159.6,1565.78,1855.263,2198.58,952.7166,31.80963,2332.957
2017,RR,privada,sem superior,219,84.47489,1224.14,1486.105,1722.567,2244.71,716.8223,32.7696,2102.641
2017,TO,privada,sem superior,619,63.8126,1115.247,1592.09,1799.052,2230.11,987.6819,31.12957,2311.695
2017,ES,privada,sem superior,1042,80.42226,1268.88,1666.02,2021.829,2387.12,1167.644,31.43705,2572.543
2017,MG,privada,sem superior,12924,70.51223,1235.73,1738.72,1911.563,2159.39,1036.636,32.91552,2322.993
2017,RJ,privada,sem superior,27658,77.84728,1158.56,1333.27,1686.62,1721.1,1168.848,32.48738,2076.646
2017,SP,privada,sem superior,25028,83.53844,1467.83,2134.54,2393.908,2638.27,1508.051,34.24654,2796.088
2017,PR,privada,sem superior,6512,83.59951,1180.69,1470.25,1797.798,2065.09,1030.235,31.41817,2288.864
2017,RS,privada,sem superior,10281,81.06215,1270.18,1595.3,1796.445,2062.39,817.9267,33.67635,2133.776
2017,SC,privada,sem superior,4348,83.55566,1295.95,1665.8,1903.56,2274.705,928.6377,31.78052,2395.882
2014,DF,publica,sem superior,901,97.89123,3416.16,3845.04,4652.614,5605.05,1648.065,33.91994,5486.582
2014,GO,publica,sem superior,6339,87.58479,1135.94,1525.874,1738.038,2002.32,910.1659,37.08412,1874.698
2014,MS,publica,sem superior,2172,90.33149,1025.99,1418.805,1594.355,1876.49,821.2394,27.19324,2345.222
2014,MT,publica,sem superior,3441,89.4798,819.86,1082.83,1278.246,1478.93,712.9338,32.67301,1564.895
2014,AL,publica,sem superior,12687,52.98337,1096.93,1438.35,1588.721,1939.45,715.0215,31.28024,2031.597
2014,BA,publica,sem superior,53281,74.83906,1087.16,1473.29,1785.499,2184.39,1126.243,33.97392,2102.199
2014,CE,publica,sem superior,21715,77.72047,821.55,1006.07,1182.215,1471.3,562.6754,31.90513,1482.163
2014,MA,publica,sem superior,47139,49.05704,969.77,1305.47,1484.583,1767.545,776.3802,33.78709,1757.575
2014,PB,publica,sem superior,12868,80.92944,843.16,1215.85,1340.131,1659.84,605.4238,35.63723,1504.192
2014,PE,publica,sem superior,20727,79.46157,1110.14,1391.715,1563.043,1879.52,752.6479,35.9137,1740.888
2014,PI,publica,sem superior,12621,64.773,958.96,1581.69,1683.168,2268.01,815.0531,35.27671,1908.531
2014,RN,publica,sem superior,6042,74.44555,1096.66,1697.36,1726.239,2209.3,775.2983,35.20469,1961.374
2014,SE,publica,sem superior,3275,79.51145,1810.18,2515.95,2585.406,3261.04,1086.665,38.36727,2695.428
2014,AC,publica,sem superior,4018,58.13838,934.51,1252.67,1478.719,1812.588,759.5189,34.39879,1719.501
2014,AM,publica,sem superior,10809,64.66833,1014.631,1253.06,1379.238,1598.55,619.6401,29.94484,1842.372
2014,AP,publica,sem superior,3336,75.77938,1981.61,2868.37,3046.465,3838.8,1326.047,41.28568,2951.595
2014,PA,publica,sem superior,30715,82.10321,1272.62,1764.21,1943.803,2356.46,931.0737,33.00031,2356.103
2014,RO,publica,sem superior,1693,94.56586,1441.969,1843.15,1851.078,2210.48,667.1988,35.63921,2077.575
2014,RR,publica,sem superior,2492,91.41252,1604.27,1781.68,2105.312,2644.66,744.9918,34.20533,2461.97
2014,TO,publica,sem superior,3283,89.55224,1238.56,1650.78,1643.661,1814.63,626.4267,35.14204,1870.877
2014,ES,publica,sem superior,2618,94.15584,1154.4,1546.959,1730.562,2055.53,938.1678,27.05821,2558.281
2014,MG,publica,sem superior,25022,95.77572,1077.14,1346.31,1495.127,1745.05,729.7226,28.34455,2109.933
2014,RJ,publica,sem superior,24712,93.95031,,,,,,,
2014,SP,publica,sem superior,35298,95.54082,1640.58,2063.683,2303.569,2680.04,1147.179,34.40894,2677.872
2014,PR,publica,sem superior,10902,86.45203,1057.99,1510.69,1553.684,1894.16,645.4296,32.0187,1940.971
2014,RS,publica,sem superior,15688,93.07751,1332.3,1786.55,1945.96,2320.81,885.9403,28.51754,2729.493
2014,SC,publica,sem superior,13130,96.45849,1177.32,1659.341,1726.452,2172.962,724.1726,29.47357,2343.051
2015,DF,publica,sem superior,924,97.72727,3963.42,5044.06,5342.706,6290.3,1745.891,34.798,6141.395
2015,GO,publica,sem superior,6335,89.12391,1211.63,1587.1,1939.764,2288.54,1136.247,37.95925,2044.049
2015,MS,publica,sem superior,2370,93.03797,1168.859,1666.107,1851.155,2205.716,905.2424,26.30996,2814.379
2015,MT,publica,sem superior,3551,86.65165,966.52,1234.52,1420.247,1675.0,785.8991,32.50236,1747.869
2015,AL,publica,sem superior,11778,56.41875,1188.62,1584.15,1727.462,2159.56,771.0169,32.02707,2157.503
2015,BA,publica,sem superior,50131,73.87046,1215.605,1666.5,1989.99,2471.53,1155.725,33.48284,2377.326
2015,CE,publica,sem superior,21753,82.41162,940.967,1140.84,1347.65,1667.19,669.9172,30.55612,1764.164
2015,MA,publica,sem superior,47264,49.6107,1090.0,1455.89,1663.825,2017.64,865.1002,33.12168,2009.349
2015,PB,publica,sem superior,11325,82.96689,909.66,1403.91,1490.998,1886.7,667.5435,35.7678,1667.419
2015,PE,publica,sem superior,20350,80.73219,1174.79,1582.35,1721.724,2078.52,854.7717,35.41038,1944.881
2015,PI,publica,sem superior,12027,65.17003,1098.179,1778.25,1922.55,2590.0,951.4149,35.66291,2156.358
2015,RN,publica,sem superior,5909,72.55035,1022.078,1934.81,1947.886,2537.55,966.3733,34.31216,2270.782
2015,SE,publica,sem superior,3014,80.5574,1884.4,2730.72,2780.688,3506.26,1212.025,38.1532,2915.286
2015,AC,publica,sem superior,3961,67.15476,1022.71,1416.44,1713.924,2097.13,1133.084,34.29431,1999.076
2015,AM,publica,sem superior,11110,61.0351,1079.75,1316.38,1461.86,1664.99,639.9705,29.31541,1994.665
2015,AP,publica,sem superior,3268,72.06242,2342.89,3389.83,3449.832,4286.08,1506.528,38.71836,3564.027
2015,PA,publica,sem superior,28886,84.605,1450.73,2047.25,2250.688,2743.35,1121.354,33.3449,2699.889
2015,RO,publica,sem superior,1766,94.96036,1613.58,2236.99,2271.757,2844.09,954.6363,35.20861,2580.911
2015,RR,publica,sem superior,2567,91.8582,1632.71,1901.35,2259.372,2875.54,853.7965,34.45638,2622.878
2015,TO,publica,sem superior,3601,87.97556,1438.2,1868.65,1910.37,2137.5,763.5964,35.83669,2132.307
2015,ES,publica,sem superior,2633,91.83441,1286.93,1773.43,1937.676,2281.76,1034.606,28.22446,2746.095
2015,MG,publica,sem superior,26115,95.10626,1149.43,1459.43,1585.422,1867.74,740.9378,28.17578,2250.758
2015,RJ,publica,sem superior,24649,95.11542,1422.73,2023.06,2361.813,2895.13,1305.64,29.60791,3190.788
2015,SP,publica,sem superior,32514,95.06674,1806.76,2270.85,2536.38,2963.32,1216.925,33.70884,3009.75
2015,PR,publica,sem superior,11656,88.55525,1291.78,1901.72,1889.898,2271.69,787.3892,30.77917,2456.074
2015,RS,publica,sem superior,15406,93.44411,1468.66,1973.52,2153.011,2593.31,987.0787,28.42256,3030.003
2015,SC,publica,sem superior,14338,95.00628,1326.53,1850.83,1944.072,2523.5,820.7121,29.63751,2623.799
2016,DF,publica,sem superior,853,97.1864,3809.82,5212.3,5436.269,6655.32,1828.186,34.59673,6285.298
2016,GO,publica,sem superior,6475,89.88417,1292.86,1659.04,2117.762,2490.51,1301.254,38.09963,2223.394
2016,MS,publica,sem superior,2414,92.3778,1325.905,1903.545,2086.922,2461.79,1034.438,24.44398,3415.028
2016,MT,publica,sem superior,3050,90.52459,1044.3,1246.59,1559.463,1887.37,877.1702,32.68794,1908.303
2016,AL,publica,sem superior,10532,58.6973,1198.0,1673.43,1813.371,2297.5,808.4999,31.87874,2275.336
2016,BA,publica,sem superior,46374,75.92617,1328.29,1867.47,2248.856,2766.64,1476.421,34.5823,2601.164
2016,CE,publica,sem superior,20283,81.62501,1046.03,1289.67,1516.649,1869.1,771.0497,29.21052,2076.853
2016,MA,publica,sem superior,45573,46.047,1173.65,1621.75,1863.742,2267.34,1014.842,32.79711,2273.057
2016,PB,publica,sem superior,9793,79.9857,999.16,1486.899,1632.428,2095.83,764.5622,35.96439,1815.604
2016,PE,publica,sem superior,18972,78.51044,1273.33,1697.78,1892.55,2328.66,957.2899,35.1111,2156.071
2016,PI,publica,sem superior,12214,60.52071,1164.89,1754.13,2070.751,2821.6,1079.929,36.06112,2296.935
2016,RN,publica,sem superior,5616,76.65598,1176.41,2191.06,2147.095,2734.25,1150.027,33.65639,2551.783
2016,SE,publica,sem superior,2679,85.8156,1924.1,2875.64,2928.985,3749.5,1352.473,38.11769,3073.622
2016,AC,publica,sem superior,3765,72.16467,1100.0,1283.26,1607.674,1968.22,876.6209,34.29987,1874.845
2016,AM,publica,sem superior,10596,63.34466,1154.07,1391.63,1589.953,1765.175,748.9446,30.91421,2057.245
2016,AP,publica,sem superior,3268,79.98776,2149.13,2740.73,2915.437,3420.57,1392.937,40.17971,2902.397
2016,PA,publica,sem superior,25532,79.39057,1560.19,2200.89,2435.639,2979.49,1196.908,33.86774,2876.647
2016,RO,publica,sem superior,1403,95.29579,1776.45,2528.68,2435.068,2899.53,1032.217,35.80492,2720.372
2016,RR,publica,sem superior,2558,93.70602,1816.6,2218.08,2492.854,3137.25,934.1108,34.47112,2892.686
2016,TO,publica,sem superior,3432,88.37413,1487.29,1948.57,2064.28,2416.54,813.5348,35.50172,2325.836
2016,ES,publica,sem superior,2012,95.02982,1437.58,1952.618,2142.012,2473.767,1114.072,27.45136,3121.175
2016,MG,publica,sem superior,25004,95.19277,1303.64,1674.898,1822.601,2162.72,827.2874,27.5844,2642.944
2016,RJ,publica,sem superior,24705,94.17122,1568.89,2293.25,2705.743,3344.09,1575.289,30.15433,3589.193
2016,SP,publica,sem superior,29838,94.90582,1859.055,2380.06,2661.5,3137.38,1285.743,33.9074,3139.728
2016,PR,publica,sem superior,11811,87.39311,1431.436,2128.86,2131.232,2555.77,960.1712,31.39002,2715.808
2016,RS,publica,sem superior,14495,93.03208,1591.9,2149.85,2324.162,2783.89,1036.79,28.54176,3257.209
2016,SC,publica,sem superior,11630,94.78074,1399.76,1962.133,2073.401,2620.992,908.7533,29.92025,2771.903
2017,DF,publica,sem superior,827,98.91173,5061.8,5514.41,5878.985,6421.97,1589.282,33.41098,7038.386
2017,GO,publica,sem superior,6436,92.16905,1489.692,1982.73,2354.511,2656.69,1398.452,37.57015,2506.789
2017,MS,publica,sem superior,2596,93.95223,1416.725,2069.25,2245.561,2708.736,1110.87,24.21547,3709.301
2017,MT,publica,sem superior,2954,87.00068,1149.39,1454.9,1725.193,2042.51,944.4604,32.51344,2122.438
2017,AL,publica,sem superior,9937,58.10607,1219.035,1740.39,1895.493,2413.27,867.3382,30.19363,2511.117
2017,BA,publica,sem superior,44913,75.31672,1371.34,1970.07,2398.061,2959.11,1617.651,34.19519,2805.144
2017,CE,publica,sem superior,19116,82.76313,1142.577,1396.52,1660.106,2028.69,862.8129,27.62712,2403.589
2017,MA,publica,sem superior,44020,46.76511,1335.55,1894.67,2080.513,2506.0,1042.665,31.24467,2663.51
2017,PB,publica,sem superior,10296,77.57382,1143.66,1637.03,1785.161,2254.69,820.4765,35.76509,1996.54
2017,PE,publica,sem superior,18657,82.53203,1282.18,1759.67,1996.051,2472.22,1028.195,35.4446,2252.587
2017,PI,publica,sem superior,13078,56.64475,1213.24,1834.18,2186.723,2992.09,1160.939,34.50802,2534.741
2017,RN,publica,sem superior,5004,76.27898,1419.6,2405.46,2348.246,2999.91,1041.44,32.53682,2886.878
2017,SE,publica,sem superior,2742,88.58497,1833.44,2951.64,3063.221,3978.43,1513.475,37.47872,3269.292
2017,AC,publica,sem superior,4926,59.1149,1159.36,1606.589,1763.397,2153.64,868.7155,32.84724,2147.391
2017,AM,publica,sem superior,10507,70.92415,1333.33,1594.78,1695.213,1858.78,639.2206,29.53073,2296.202
2017,AP,publica,sem superior,2865,81.53578,1324.94,2118.29,2428.674,3078.69,1533.607,40.40805,2404.148
2017,PA,publica,sem superior,23411,83.67434,1626.33,2339.9,2610.762,3275.78,1274.683,31.73184,3291.031
2017,RO,publica,sem superior,1208,95.94371,1933.62,2537.61,2561.819,3013.679,957.3654,35.37169,2897.028
2017,RR,publica,sem superior,2288,96.28497,2365.44,3059.5,3099.619,3502.2,1142.986,33.25263,3728.57
2017,TO,publica,sem superior,3573,89.75651,1578.96,2281.108,2272.752,2666.3,903.0743,36.52684,2488.856
2017,ES,publica,sem superior,1875,89.76,1573.51,2014.02,2256.164,2631.55,1137.43,26.52413,3402.432
2017,MG,publica,sem superior,23287,95.81311,1409.52,1818.31,1979.8,2354.85,882.9809,27.36512,2893.903
2017,RJ,publica,sem superior,23985,93.46258,1606.405,2460.99,2982.914,3824.0,1824.588,30.54015,3906.875
2017,SP,publica,sem superior,27403,94.46776,2053.66,2549.94,2870.584,3337.44,1336.889,33.51142,3426.395
2017,PR,publica,sem superior,9738,86.16759,1501.94,2261.36,2248.217,2683.96,1012.103,31.2845,2874.544
2017,RS,publica,sem superior,14106,92.35786,1699.81,2264.51,2451.964,2930.05,1083.567,28.49806,3441.587
2017,SC,publica,sem superior,10596,92.87467,1428.53,1989.99,2157.597,2696.66,1008.877,29.49491,2926.06
2014,DF,estadual,superior,20600,97.79126,4147.36,6459.51,6353.013,8361.01,2358.576,35.64928,7128.35
2014,GO,estadual,superior,17411,99.81621,1937.2,3543.87,3345.765,4518.39,1425.57,37.19813,3597.777
2014,MS,estadual,superior,11881,96.40603,1904.3,2519.22,2702.153,3326.53,1148.421,20.92968,5164.251
2014,MT,estadual,superior,16840,98.18884,1141.167,2032.791,2048.644,2730.8,1073.683,39.9995,2048.669
2014,AL,estadual,superior,5227,52.89841,1392.12,1492.73,1946.131,2244.415,879.6854,25.84647,3011.832
2014,BA,estadual,superior,31187,86.81823,2286.53,4191.02,3993.359,5473.93,1918.783,33.63412,4749.177
2014,CE,estadual,superior,17163,71.10645,1052.099,1634.24,2037.973,2674.94,1249.197,28.98273,2812.673
2014,MA,estadual,superior,17043,95.86927,2297.65,2558.26,2776.413,3328.66,1212.396,24.00206,4626.957
2014,PB,estadual,superior,13154,93.69013,890.66,1713.81,1663.499,2149.05,703.2536,30.02317,2216.287
2014,PE,estadual,superior,22310,98.59704,1327.81,1912.575,2292.895,2878.66,1084.333,35.6588,2572.038
2014,PI,estadual,superior,10961,92.7014,1225.71,2294.9,2039.415,2726.06,860.7099,32.98536,2473.116
2014,RN,estadual,superior,8716,86.55346,2024.43,2279.07,2398.63,2676.65,527.4074,40.0,2398.63
2014,SE,estadual,superior,6064,99.80211,3305.52,3673.0,3914.266,4289.755,933.7845,39.92471,3921.648
2014,AC,estadual,superior,5483,91.48276,2106.228,2641.38,2783.713,3225.51,957.0266,27.86449,3996.073
2014,AM,estadual,superior,14733,94.92975,1813.116,2140.614,2486.091,3094.017,989.1267,30.00252,3314.51
2014,AP,estadual,superior,6068,81.0646,3416.27,4459.81,4839.31,5670.54,1705.763,39.97556,4842.27
2014,PA,estadual,superior,15812,99.48141,4064.8,5233.29,5190.821,6254.7,1664.216,20.39427,10180.94
2014,RO,estadual,superior,7756,98.63332,1988.63,2302.38,2236.057,2491.01,425.5619,38.07152,2349.322
2014,RR,estadual,superior,2863,97.1708,2318.93,3502.3,3668.971,4268.15,1426.375,28.20459,5203.367
2014,TO,estadual,superior,6907,99.56566,2929.2,3444.34,3286.543,3756.36,766.8224,39.99309,3287.111
2014,ES,estadual,superior,14122,99.31313,1779.65,2169.2,2200.196,2545.46,798.6067,35.40026,2486.079
2014,MG,estadual,superior,93880,98.58117,1559.06,1929.75,2189.613,2751.12,1035.024,24.28344,3606.76
2014,RJ,estadual,superior,43326,97.35494,,,,,,,
2014,SP,estadual,superior,158228,99.55823,1857.26,2458.621,2683.548,3331.28,1238.16,33.07801,3245.115
2014,PR,estadual,superior,51336,99.7156,2116.62,2726.895,3163.321,3844.75,1694.815,27.18331,4654.798
2014,RS,estadual,superior,44908,99.48562,1597.835,2011.7,2176.583,2487.93,927.3384,27.61884,3152.316
2014,SC,estadual,superior,20313,99.6357,1706.33,2616.8,2684.246,3474.4,1225.936,26.01446,4127.314
2015,DF,estadual,superior,20968,97.99218,5044.06,6815.2,6911.065,8944.19,2373.334,36.09373,7659.019
2015,GO,estadual,superior,16199,99.72221,1962.66,3970.92,3696.118,5033.49,1594.471,39.21124,3770.469
2015,MS,estadual,superior,11577,96.90766,2246.619,2928.17,3160.284,3840.97,1328.318,20.95737,6031.834
2015,MT,estadual,superior,21204,97.96265,1292.879,2512.8,2541.141,3424.69,1433.675,39.99875,2541.22
2015,AL,estadual,superior,5492,77.11216,1387.04,1506.63,1735.399,1914.72,908.6731,29.19172,2377.934
2015,BA,estadual,superior,31492,87.77467,2386.44,4667.53,4486.214,6273.23,2307.054,33.82174,5305.716
2015,CE,estadual,superior,17272,90.70171,1085.419,1683.598,2073.038,2809.4,1256.451,30.24303,2741.838
2015,MA,estadual,superior,17106,97.42196,2459.92,2935.56,3183.381,3833.78,1498.128,24.00889,5303.671
2015,PB,estadual,superior,12987,94.05559,938.0,1778.26,1736.138,2277.21,756.8688,30.0183,2313.439
2015,PE,estadual,superior,20892,98.70285,1439.715,2055.24,2462.481,3156.965,1202.294,35.88845,2744.594
2015,PI,estadual,superior,10513,92.23818,1445.455,2707.83,2337.839,3044.36,918.6119,32.98489,2835.043
2015,RN,estadual,superior,8143,89.59843,2271.625,2542.79,2683.77,3028.38,599.9794,40.0,2683.77
2015,SE,estadual,superior,6136,99.85332,3149.69,3441.625,3647.644,3911.11,835.4138,39.93141,3653.91
2015,AC,estadual,superior,5417,91.96972,2122.66,2602.34,2886.107,3327.31,1191.819,27.94131,4131.67
2015,AM,estadual,superior,15412,95.52946,1711.24,2083.02,2423.033,3237.88,908.0217,30.00316,3230.37
2015,AP,estadual,superior,6532,61.9259,4300.21,5334.68,5678.982,6543.17,1861.696,39.97716,5682.227
2015,PA,estadual,superior,16500,99.04848,4218.12,5359.63,5296.899,6125.98,1615.331,20.46498,10353.1
2015,RO,estadual,superior,7372,98.60282,2117.8,2443.55,2400.108,2632.57,564.8398,38.25217,2509.775
2015,RR,estadual,superior,2843,97.22125,2621.81,3685.81,3927.312,4627.64,1517.08,28.94973,5426.389
2015,TO,estadual,superior,6655,98.18182,3432.32,3719.56,3701.887,4092.835,805.6916,39.99796,3702.077
2015,ES,estadual,superior,13333,99.42999,1808.451,2147.24,2254.956,2668.53,823.8595,35.05775,2572.848
2015,MG,estadual,superior,93312,98.84474,1494.22,1823.425,2109.039,2614.7,1044.855,24.29013,3473.08
2015,RJ,estadual,superior,40151,97.36993,1677.075,2090.295,2417.894,2704.56,1228.586,38.22993,2529.844
2015,SP,estadual,superior,149032,99.56251,1942.17,2566.42,2848.703,3517.06,1394.236,32.2364,3534.766
2015,PR,estadual,superior,50928,99.73099,2235.885,2930.995,3381.432,4114.45,1806.926,22.17167,6100.454
2015,RS,estadual,superior,44623,99.57645,1798.42,2301.335,2501.415,2882.995,1086.952,29.91556,3344.634
2015,SC,estadual,superior,19715,99.73624,1878.76,2876.82,2869.996,3638.32,1246.244,24.51217,4683.382
2016,DF,estadual,superior,20630,96.82986,4898.79,6664.46,6901.132,9020.11,2404.388,35.97304,7673.672
2016,GO,estadual,superior,16645,99.27906,1959.54,4141.91,3824.712,5410.26,1766.385,39.35763,3887.136
2016,MS,estadual,superior,11816,97.07177,2531.13,3305.955,3624.547,4495.965,1645.441,20.844,6955.569
2016,MT,estadual,superior,19688,98.55242,1505.235,3094.8,2820.482,3727.83,1475.936,39.99739,2820.666
2016,AL,estadual,superior,5804,81.63336,1339.2,1575.11,1752.012,1990.646,822.9389,31.49071,2225.434
2016,BA,estadual,superior,31651,96.02856,2095.235,4853.9,4773.6,6976.91,2670.431,33.34995,5725.466
2016,CE,estadual,superior,15824,90.45753,1318.963,2144.124,2466.058,3112.61,1352.62,30.61022,3222.529
2016,MA,estadual,superior,16302,96.31947,2793.21,3329.39,3665.724,4374.954,1562.495,24.38967,6011.93
2016,PB,estadual,superior,13171,92.86311,1016.66,1733.8,1723.946,2263.03,724.1021,30.02027,2297.043
2016,PE,estadual,superior,19798,98.84837,1526.975,2104.385,2559.681,3306.1,1301.946,36.21511,2827.197
2016,PI,estadual,superior,12614,84.88188,1460.98,2769.775,2426.997,3282.73,1072.84,32.49283,2987.732
2016,RN,estadual,superior,8296,89.05497,2406.72,2788.7,2973.14,3384.77,787.0806,39.99706,2973.359
2016,SE,estadual,superior,6134,99.70655,3448.15,3709.315,3879.068,4092.24,803.8928,39.84397,3894.259
2016,AC,estadual,superior,5361,92.59467,1974.39,2406.44,2733.722,3217.815,1056.091,27.43083,3986.35
2016,AM,estadual,superior,15675,94.43062,1916.96,2415.905,2703.603,3360.3,1028.695,30.00408,3604.314
2016,AP,estadual,superior,6422,95.4687,2512.06,2851.21,3121.971,3438.69,1117.703,39.20909,3184.946
2016,PA,estadual,superior,16465,99.2894,4358.52,5514.07,5494.29,6342.17,1710.724,20.47702,10732.59
2016,RO,estadual,superior,6607,98.69835,2240.09,2557.44,2537.986,2763.69,538.4475,38.43755,2641.153
2016,RR,estadual,superior,2784,98.13218,2218.08,3961.12,4088.621,4859.97,1719.696,35.81582,4566.274
2016,TO,estadual,superior,6509,98.70948,3420.27,3502.12,3757.851,4285.65,882.5463,39.99909,3757.936
2016,ES,estadual,superior,11862,99.11482,2005.91,2254.74,2421.205,2883.86,827.7304,34.02188,2846.644
2016,MG,estadual,superior,98553,98.56118,1852.42,2177.45,2518.67,3126.09,1174.429,24.27343,4150.498
2016,RJ,estadual,superior,40679,97.6966,1650.13,2054.545,2383.635,2637.52,1247.703,38.27233,2491.236
2016,SP,estadual,superior,143790,99.5869,1993.515,2647.831,2970.686,3640.87,1549.515,32.76754,3626.377
2016,PR,estadual,superior,51097,97.80222,2355.005,3171.85,3722.239,4558.08,2055.468,36.55115,4073.458
2016,RS,estadual,superior,42690,99.71188,1812.05,2302.361,2524.169,2910.88,1107.134,30.19481,3343.845
2016,SC,estadual,superior,21343,97.92438,1795.338,2787.135,2878.481,3665.6,1310.07,24.59662,4681.1
2017,DF,estadual,superior,20852,97.30961,5061.8,6359.83,6918.262,9036.63,2278.418,35.12733,7877.926
2017,GO,estadual,superior,16848,99.35897,2299.65,4323.93,4066.44,5704.3,1795.549,39.29666,4139.222
2017,MS,estadual,superior,11691,97.45958,2787.23,3615.31,3896.703,4823.555,1638.364,20.7098,7526.3
2017,MT,estadual,superior,19592,99.54063,1737.179,3617.31,3253.226,4426.24,1706.381,39.99862,3253.338
2017,AL,estadual,superior,5759,82.9137,1368.57,1658.54,1844.97,2156.611,881.8816,31.77832,2322.301
2017,BA,estadual,superior,30721,95.97995,2358.13,5355.8,5219.416,7673.28,2936.017,33.6027,6213.091
2017,CE,estadual,superior,15956,90.39233,1178.977,1716.511,2318.111,3281.93,1463.872,29.38388,3155.622
2017,MA,estadual,superior,16023,95.83723,2937.11,3493.745,3832.474,4785.73,1596.224,24.53194,6248.952
2017,PB,estadual,superior,12365,92.81844,1178.66,2048.62,1972.857,2558.53,828.6108,30.00843,2629.737
2017,PE,estadual,superior,18547,98.77069,1632.89,2492.605,2847.669,3751.825,1450.372,36.8668,3089.684
2017,PI,estadual,superior,11601,86.28567,1617.68,3234.39,2668.116,3673.06,1203.971,32.46101,3287.779
2017,RN,estadual,superior,7993,90.65432,2543.06,2900.005,3116.334,3482.66,764.5415,30.26785,4118.343
2017,SE,estadual,superior,6246,99.6798,3636.46,3904.06,4053.55,4235.11,759.4164,39.8921,4064.514
2017,AC,estadual,superior,5357,91.39444,2160.01,2651.28,2929.425,3482.71,999.7877,27.20584,4307.054
2017,AM,estadual,superior,15466,93.67645,1741.42,2124.26,2439.104,3195.23,872.4053,30.00513,3251.583
2017,AP,estadual,superior,6025,94.87137,1339.12,1538.97,1816.707,1940.96,930.7704,39.16938,1855.232
2017,PA,estadual,superior,15526,99.07896,4578.1,5693.27,5630.14,6437.41,1689.21,20.53553,10966.63
2017,RO,estadual,superior,6445,98.57254,2406.8,2682.35,2666.423,2902.94,552.2825,38.54168,2767.314
2017,RR,estadual,superior,2463,98.21356,4112.03,5539.67,5763.594,6983.15,1909.508,34.43785,6694.488
2017,TO,estadual,superior,6675,99.77528,3565.524,3642.0,3913.777,4423.43,952.7677,39.98286,3915.455
2017,ES,estadual,superior,11244,98.63038,2142.246,2380.12,2602.572,3108.76,899.8859,29.05886,3582.483
2017,MG,estadual,superior,97554,98.95032,2101.4,2503.11,2889.076,3593.69,1338.999,24.2929,4757.071
2017,RJ,estadual,superior,38445,98.148,1665.88,2028.146,2348.95,2491.51,1229.763,25.4785,3687.737
2017,SP,estadual,superior,138395,99.52599,2056.19,2690.74,3041.436,3686.24,1590.926,32.31795,3764.392
2017,PR,estadual,superior,46926,97.11247,2635.31,3522.095,3985.198,4891.485,2101.944,22.64617,7039.069
2017,RS,estadual,superior,40222,99.34613,1812.665,2311.5,2505.782,2921.45,1008.063,30.49237,3287.094
2017,SC,estadual,superior,22031,97.00876,1702.0,2717.57,2851.034,3675.91,1356.918,24.30823,4691.471
2014,DF,privada,superior,7721,86.33597,1499.377,2291.27,2832.669,3610.46,1941.187,27.34696,4143.304
2014,GO,privada,superior,11645,68.69901,997.08,1431.41,1832.711,2187.15,1287.388,30.24745,2423.624
2014,MS,privada,superior,5073,65.22768,1059.45,1536.39,1817.714,2310.18,1049.218,28.57758,2544.252
2014,MT,privada,superior,4843,73.42556,1203.43,1655.459,1941.629,2347.9,1080.217,28.37892,2736.721
2014,AL,privada,superior,3260,68.98773,817.8,1167.34,1412.661,1760.57,833.8992,26.85162,2104.396
2014,BA,privada,superior,15211,65.39347,852.93,1367.45,1697.151,2129.38,1209.036,29.32393,2315.038
2014,CE,privada,superior,12483,65.64928,744.11,1032.81,1430.52,1632.72,1255.458,31.84193,1797.026
2014,MA,privada,superior,6135,54.24613,848.96,1260.78,1584.802,1880.65,1143.739,30.30639,2091.707
2014,PB,privada,superior,5386,65.31749,720.27,882.77,1196.491,1562.26,814.107,25.20998,1898.439
2014,PE,privada,superior,13436,71.19678,877.78,1292.596,1599.191,1982.23,1122.148,29.525,2166.558
2014,PI,privada,superior,4877,58.49908,773.41,1068.94,1515.931,1769.37,1253.458,29.20982,2075.919
2014,RN,privada,superior,5629,71.77118,751.02,1084.235,1412.586,1818.07,961.0267,32.54594,1736.114
2014,SE,privada,superior,4227,74.00047,744.98,1037.7,1352.73,1630.077,1029.91,31.99125,1691.375
2014,AC,privada,superior,564,75.0,1634.41,1988.73,2169.903,2543.69,831.9596,30.27769,2866.669
2014,AM,privada,superior,3317,74.34429,1276.48,1953.47,2318.088,3017.495,1446.361,32.52271,2851.039
2014,AP,privada,superior,979,67.1093,1134.03,1514.08,1790.501,2141.85,973.5147,27.8024,2576.038
2014,PA,privada,superior,8267,60.9169,929.19,1308.5,1774.447,2168.03,1296.014,26.98633,2630.142
2014,RO,privada,superior,2269,53.59189,1152.75,1627.24,1991.377,2518.74,1176.091,29.15698,2731.938
2014,RR,privada,superior,437,78.94737,1336.57,1843.36,2150.379,2636.53,1218.286,31.234,2753.895
2014,TO,privada,superior,1545,64.20712,1224.6,1742.14,2142.466,2531.15,1740.74,30.81446,2781.117
2014,ES,privada,superior,5837,78.97893,1217.093,1773.26,2105.694,2590.4,1394.9,29.51842,2853.398
2014,MG,privada,superior,38733,64.2243,1250.27,1787.11,2195.275,2699.77,1443.817,27.08736,3241.77
2014,RJ,privada,superior,37808,71.54041,952.63,1387.65,2042.54,2393.32,1900.069,27.88985,2929.438
2014,SP,privada,superior,115851,81.22847,1368.04,1924.77,2603.967,3118.39,1995.429,30.40521,3425.685
2014,PR,privada,superior,26898,64.40999,1086.657,1558.14,1948.028,2368.05,1342.531,27.47678,2835.891
2014,RS,privada,superior,17744,71.26916,1403.23,1934.84,2283.119,2789.61,1319.17,23.55067,3877.8
2014,SC,privada,superior,12467,77.56477,1251.293,1857.402,2104.908,2655.45,1202.682,29.97745,2808.656
2015,DF,privada,superior,7893,86.07627,1616.325,2567.74,3187.586,4004.81,2269.635,26.88068,4743.311
2015,GO,privada,superior,11570,68.76404,1088.64,1534.305,2005.043,2381.014,1496.051,30.61348,2619.817
2015,MS,privada,superior,5141,67.01031,1162.13,1705.44,2002.525,2526.46,1156.183,28.62015,2798.763
2015,MT,privada,superior,4792,76.23122,1323.91,1832.529,2171.384,2650.89,1225.637,27.56812,3150.573
2015,AL,privada,superior,3346,69.78482,888.12,1266.46,1556.108,1943.73,941.1041,27.352,2275.678
2015,BA,privada,superior,15346,66.1345,957.71,1530.79,1893.836,2354.66,1405.257,29.08141,2604.875
2015,CE,privada,superior,12587,63.93898,809.88,1137.86,1561.693,1797.88,1368.454,31.63265,1974.785
2015,MA,privada,superior,6236,54.3297,936.83,1336.22,1698.22,2019.91,1171.465,30.05532,2260.126
2015,PB,privada,superior,5210,63.4357,752.09,945.9067,1249.222,1603.8,807.4097,26.09767,1914.687
2015,PE,privada,superior,12960,70.40123,959.68,1401.48,1752.994,2153.42,1234.734,28.85349,2430.2
2015,PI,privada,superior,4932,59.59043,834.33,1117.38,1647.85,1927.24,1397.12,28.8743,2282.791
2015,RN,privada,superior,5682,73.84724,816.45,1139.55,1524.615,1933.33,1075.135,32.76266,1861.406
2015,SE,privada,superior,4099,74.92071,812.7967,1087.172,1433.695,1712.5,1067.842,32.14819,1783.858
2015,AC,privada,superior,526,79.27757,1675.27,2153.82,2311.075,2726.02,961.3376,30.07615,3073.632
2015,AM,privada,superior,3401,72.94913,1355.194,2022.35,2465.937,3175.9,1588.856,31.92326,3089.831
2015,AP,privada,superior,1060,60.75472,1136.66,1623.55,1855.915,2209.6,992.4984,29.11518,2549.756
2015,PA,privada,superior,8285,60.76041,1003.74,1437.93,1919.813,2328.38,1394.874,28.01722,2740.904
2015,RO,privada,superior,2266,53.70697,1322.3,1843.51,2185.297,2620.11,1221.506,28.64719,3051.325
2015,RR,privada,superior,477,81.55136,1364.69,1898.281,2214.803,2601.3,1193.996,30.77875,2878.354
2015,TO,privada,superior,1549,66.17172,1338.08,1935.659,2342.863,2755.7,1855.542,29.68388,3157.084
2015,ES,privada,superior,5872,78.62738,1315.49,1920.71,2279.181,2769.81,1528.437,28.94991,3149.137
2015,MG,privada,superior,38019,64.54404,1390.86,1949.981,2395.084,2919.96,1574.389,26.78505,3576.747
2015,RJ,privada,superior,36702,73.12408,1040.9,1535.1,2278.238,2695.63,2140.184,27.76475,3282.201
2015,SP,privada,superior,116081,82.43985,1509.14,2077.48,2828.814,3362.82,2187.488,30.257,3739.714
2015,PR,privada,superior,26610,62.57046,1193.51,1705.72,2113.219,2553.79,1446.172,27.54922,3068.281
2015,RS,privada,superior,18041,70.66127,1531.2,2092.8,2471.596,3011.88,1406.719,23.60916,4187.521
2015,SC,privada,superior,12294,78.24955,1374.9,2035.579,2311.897,2911.67,1316.459,29.82844,3100.258
2016,DF,privada,superior,8017,87.9506,1732.27,2791.73,3531.336,4458.39,2556.317,26.62907,5304.483
2016,GO,privada,superior,11736,69.64894,1209.501,1677.331,2187.268,2574.0,1640.434,30.73847,2846.294
2016,MS,privada,superior,4990,68.87776,1280.52,1912.51,2211.073,2739.55,1284.597,28.19301,3137.051
2016,MT,privada,superior,4839,75.44947,1432.96,1996.52,2378.439,2911.28,1379.163,27.63885,3442.168
2016,AL,privada,superior,3497,68.63025,968.0,1277.4,1614.68,2053.183,961.1742,26.92023,2399.206
2016,BA,privada,superior,16055,67.66739,1014.97,1622.403,2032.938,2532.6,1500.179,28.82984,2820.602
2016,CE,privada,superior,12754,64.02697,904.44,1228.53,1664.396,1875.72,1403.025,31.31415,2126.062
2016,MA,privada,superior,6644,53.46177,1021.74,1461.781,1826.099,2121.02,1265.517,30.87246,2365.991
2016,PB,privada,superior,5515,65.49411,846.36,1026.665,1371.566,1693.648,901.3524,25.9759,2112.059
2016,PE,privada,superior,13111,71.17687,1041.31,1524.113,1883.687,2321.09,1323.889,28.179,2673.887
2016,PI,privada,superior,5212,60.85955,931.12,1221.76,1854.224,2138.19,1629.861,28.31001,2619.884
2016,RN,privada,superior,5668,73.62385,904.44,1224.71,1616.946,2017.55,1107.291,33.0488,1957.041
2016,SE,privada,superior,4256,74.41259,904.44,1164.455,1519.024,1848.41,1094.116,32.13788,1890.634
2016,AC,privada,superior,547,82.81536,1649.922,2158.78,2351.212,2817.24,998.2983,30.42382,3091.278
2016,AM,privada,superior,3408,74.00235,1394.27,2129.85,2571.41,3377.19,1626.469,31.79026,3235.468
2016,AP,privada,superior,1076,65.05576,1149.92,1664.866,1929.406,2345.27,1038.689,29.21771,2641.42
2016,PA,privada,superior,8845,61.05144,1096.36,1524.561,2029.525,2382.91,1491.441,27.488,2953.325
2016,RO,privada,superior,2165,56.67436,1349.2,1979.64,2254.817,2860.83,1226.961,28.9888,3111.294
2016,RR,privada,superior,539,85.52876,1398.637,2150.24,2274.398,2821.31,1142.727,28.81056,3157.729
2016,TO,privada,superior,1752,63.18493,1455.45,2094.884,2516.226,2948.22,1954.337,29.33226,3431.343
2016,ES,privada,superior,5704,80.2244,1431.33,2055.23,2454.949,2986.9,1642.338,29.01689,3384.166
2016,MG,privada,superior,37394,65.35273,1493.53,2093.88,2585.121,3135.66,1731.967,26.51179,3900.334
2016,RJ,privada,superior,36335,72.54163,1118.135,1617.76,2408.191,2817.875,2275.538,27.96951,3444.024
2016,SP,privada,superior,117684,83.92305,1658.1,2205.7,2993.037,3487.07,2260.159,30.59416,3913.213
2016,PR,privada,superior,26753,63.90685,1302.265,1868.14,2313.058,2813.76,1552.34,27.86728,3320.106
2016,RS,privada,superior,17936,72.11753,1693.37,2313.96,2730.193,3328.2,1543.968,24.36548,4482.066
2016,SC,privada,superior,11932,79.66812,1519.09,2228.685,2538.871,3194.409,1444.76,30.37055,3343.86
2017,DF,privada,superior,8266,88.03533,1970.595,2948.39,3729.429,4607.75,2665.986,26.94474,5536.411
2017,GO,privada,superior,11411,70.62484,1298.726,1801.67,2353.368,2834.25,1722.987,30.22679,3114.281
2017,MS,privada,superior,5015,70.52841,1406.463,2081.63,2437.315,2998.43,1454.304,28.34337,3439.697
2017,MT,privada,superior,4791,77.3325,1539.74,2223.91,2588.987,3192.49,1449.135,27.04671,3828.911
2017,AL,privada,superior,3658,67.33188,1047.13,1437.95,1783.165,2273.73,1036.555,27.14916,2627.213
2017,BA,privada,superior,16531,66.92275,1076.46,1718.18,2147.188,2670.55,1596.91,28.58991,3004.12
2017,CE,privada,superior,12886,63.93761,963.02,1320.98,1795.451,2042.6,1538.445,30.86986,2326.478
2017,MA,privada,superior,6938,51.94581,1074.925,1560.025,1962.169,2313.02,1363.888,30.59268,2565.541
2017,PB,privada,superior,5644,66.22962,943.55,1144.99,1536.283,1877.63,1053.947,24.85888,2472.007
2017,PE,privada,superior,13105,69.64517,1099.12,1611.07,2020.77,2499.71,1425.372,28.64107,2822.2
2017,PI,privada,superior,5091,61.8739,999.02,1336.035,1977.909,2274.56,1720.761,27.40201,2887.247
2017,RN,privada,superior,5566,76.14086,965.38,1318.797,1710.28,2161.34,1116.212,31.94617,2141.453
2017,SE,privada,superior,4392,73.52004,963.02,1198.89,1560.361,1864.06,1159.238,31.57883,1976.465
2017,AC,privada,superior,482,85.68465,1722.265,2241.43,2454.261,2924.11,1065.885,27.25428,3602.019
2017,AM,privada,superior,3358,74.71709,1413.09,2200.75,2708.086,3563.19,1725.455,31.47269,3441.824
2017,AP,privada,superior,1058,65.7845,1169.91,1837.35,2050.995,2527.2,1160.602,30.4251,2696.451
2017,PA,privada,superior,8902,60.66053,1177.06,1582.24,2116.219,2535.135,1529.457,27.47023,3081.472
2017,RO,privada,superior,2077,60.42369,1369.12,1951.2,2234.358,2739.89,1179.182,28.0012,3191.803
2017,RR,privada,superior,530,81.69811,1509.04,2257.26,2395.918,2882.08,1228.393,27.36735,3501.862
2017,TO,privada,superior,1690,64.26036,1537.43,2183.94,2588.628,3102.62,1759.706,29.29852,3534.142
2017,ES,privada,superior,5531,83.00488,1502.7,2171.13,2555.745,3120.645,1613.219,29.09365,3513.818
2017,MG,privada,superior,36772,66.79267,1614.86,2259.18,2766.808,3346.78,1852.41,26.11379,4238.08
2017,RJ,privada,superior,36491,72.09997,1189.571,1720.518,2564.663,3012.825,2419.181,27.95195,3670.103
2017,SP,privada,superior,119448,84.44177,1794.48,2399.21,3222.363,3724.14,2431.603,30.58209,4214.706
2017,PR,privada,superior,26492,67.05421,1401.8,1971.54,2438.1,2938.66,1648.58,27.55105,3539.756
2017,RS,privada,superior,17711,72.94337,1827.6,2497.465,2938.713,3576.35,1652.415,23.77909,4943.357
2017,SC,privada,superior,12084,79.44389,1624.26,2388.28,2683.125,3323.9,1511.829,29.13614,3683.57
2014,DF,publica,superior,21099,97.26527,4159.28,6488.558,6372.026,8369.16,2381.16,35.70718,7138.089
2014,GO,publica,superior,45280,95.41961,2040.07,3089.1,3268.195,4182.11,1603.984,35.68317,3663.57
2014,MS,publica,superior,28046,92.55152,1729.79,2230.875,2545.779,3094.655,1231.29,24.19179,4209.326
2014,MT,publica,superior,31634,94.52488,1368.469,2086.23,2310.954,2862.675,1419.629,35.60462,2596.241
2014,AL,publica,superior,18759,79.45519,1526.02,2029.05,2304.375,2555.56,1460.342,29.33269,3142.399
2014,BA,publica,superior,92827,90.1031,1599.89,2500.33,3031.366,4153.0,1776.466,33.41803,3628.421
2014,CE,publica,superior,63842,86.54804,1197.685,1774.79,2101.475,2639.43,1314.199,32.57432,2580.529
2014,MA,publica,superior,53996,86.25824,1516.88,2134.725,2306.703,2680.4,1199.939,29.71737,3104.854
2014,PB,publica,superior,33928,92.44871,1453.65,1854.86,2015.988,2264.21,1444.826,34.31869,2349.726
2014,PE,publica,superior,55962,95.31646,1553.16,2180.55,2484.486,2957.84,1384.111,35.92935,2765.968
2014,PI,publica,superior,30887,89.21877,1263.6,2152.91,2138.867,2673.72,1172.076,35.23654,2428.01
2014,RN,publica,superior,26260,91.91927,1925.43,2279.07,2639.9,2763.22,1656.033,34.81163,3033.354
2014,SE,publica,superior,16427,98.15548,2720.94,3346.69,3543.71,4036.425,1538.512,38.5685,3675.238
2014,AC,publica,superior,8227,89.36429,1967.33,2470.878,2645.316,3096.84,1104.691,30.29256,3493.025
2014,AM,publica,superior,31252,93.47242,1629.8,2019.757,2383.52,3009.2,1215.965,30.6694,3108.662
2014,AP,publica,superior,7880,78.90863,3416.27,4163.82,4543.496,5556.96,1831.973,40.54873,4482.01
2014,PA,publica,superior,49722,93.66478,2255.21,3307.14,3705.325,4906.48,1877.882,28.66477,5170.564
2014,RO,publica,superior,15043,98.67713,1852.62,2221.93,2269.621,2516.27,855.6507,35.45607,2560.488
2014,RR,publica,superior,5238,92.11531,2012.09,2647.48,3181.583,3960.6,1678.173,30.15335,4220.537
2014,TO,publica,superior,14101,97.48245,1827.61,2904.45,2906.692,3613.61,1472.976,37.55863,3095.631
2014,ES,publica,superior,42578,96.03316,1681.41,2104.17,2332.122,2570.56,1378.667,28.68955,3251.528
2014,MG,publica,superior,184602,98.24704,1489.61,1902.64,2261.265,2650.81,1450.107,25.52565,3543.517
2014,RJ,publica,superior,107007,96.67592,,,,,,,
2014,SP,publica,superior,336277,97.97518,2034.785,2679.91,3002.307,3565.4,1555.864,32.24292,3724.609
2014,PR,publica,superior,101330,98.90556,1649.66,2299.12,2659.277,3091.215,1560.966,25.69091,4140.418
2014,RS,publica,superior,96473,98.6929,1603.23,2066.745,2423.408,2707.49,1491.648,25.99151,3729.538
2014,SC,publica,superior,58084,97.55699,1550.97,2376.895,2657.717,3295.6,1606.327,29.35737,3621.192
2015,DF,publica,superior,21492,97.48744,5044.06,6865.83,6955.529,8981.72,2437.127,36.15042,7696.209
2015,GO,publica,superior,44089,95.44558,2358.14,3518.84,3716.531,4708.18,1888.391,36.45827,4077.572
2015,MS,publica,superior,28013,96.64085,2002.941,2581.79,2949.522,3608.055,1443.027,23.2966,5064.297
2015,MT,publica,superior,36217,94.83668,1526.257,2512.8,2715.612,3424.69,1670.688,36.09795,3009.159
2015,AL,publica,superior,19494,81.75849,1543.53,2100.11,2207.309,2667.37,934.9288,30.08939,2934.335
2015,BA,publica,superior,94644,90.40721,1785.09,2767.72,3406.506,4609.03,2069.504,33.25051,4097.99
2015,CE,publica,superior,64329,91.28542,1302.895,1921.22,2311.129,2830.96,1539.246,31.92329,2895.854
2015,MA,publica,superior,55133,86.08093,1688.68,2337.74,2623.348,3140.03,1461.228,29.75859,3526.173
2015,PB,publica,superior,33942,93.37399,1582.725,2076.34,2247.556,2547.91,1631.091,34.48783,2606.782
2015,PE,publica,superior,54820,95.83911,1704.54,2443.975,2785.538,3320.31,1724.549,35.79882,3112.435
2015,PI,publica,superior,31149,89.90979,1476.955,2493.94,2523.063,3063.11,1527.162,35.68375,2828.248
2015,RN,publica,superior,25832,84.06627,2187.76,2604.06,3095.925,3212.53,2067.774,35.54637,3483.816
2015,SE,publica,superior,16776,90.397,2832.87,3369.83,3657.485,4098.89,1709.337,38.52602,3797.418
2015,AC,publica,superior,8211,90.7563,2005.29,2453.37,2790.541,3206.63,1393.201,30.55249,3653.439
2015,AM,publica,superior,32181,93.2196,1680.16,2002.983,2412.239,3103.95,1290.72,30.34372,3179.886
2015,AP,publica,superior,8387,64.9219,3928.71,4888.21,5191.977,6282.11,2044.445,39.51702,5255.433
2015,PA,publica,superior,52597,93.86847,2489.79,3604.24,3952.591,5153.91,1932.547,28.7634,5496.696
2015,RO,publica,superior,14550,98.80412,2016.59,2413.37,2510.509,2719.83,1082.522,35.37406,2838.814
2015,RR,publica,superior,5225,94.8134,2226.29,2862.38,3448.107,4206.46,1877.429,29.60266,4659.186
2015,TO,publica,superior,14294,96.98475,2063.5,3296.235,3259.852,3984.37,1686.288,37.52378,3474.972
2015,ES,publica,superior,41728,95.94277,1787.39,2178.14,2527.971,2806.09,1589.912,29.0245,3483.914
2015,MG,publica,superior,186078,97.24524,1521.156,1916.23,2312.635,2677.88,1559.348,25.52141,3624.621
2015,RJ,publica,superior,102406,96.92498,1865.115,2470.64,3028.878,3557.6,1837.131,31.25224,3876.686
2015,SP,publica,superior,328179,98.30184,2161.47,2863.93,3237.938,3849.87,1705.068,31.86609,4064.431
2015,PR,publica,superior,104859,99.08162,1837.91,2496.34,2886.923,3324.215,1664.627,23.49,4916.004
2015,RS,publica,superior,96739,98.66755,1782.07,2311.69,2716.833,3035.18,1709.842,26.34927,4124.34
2015,SC,publica,superior,58500,95.35214,1705.74,2642.87,2910.114,3542.61,1797.476,28.9049,4027.157
2016,DF,publica,superior,21250,96.18353,4926.4,6735.03,6965.676,9077.55,2490.894,36.04501,7729.975
2016,GO,publica,superior,45118,95.60486,2541.17,3844.13,4053.328,5174.25,2080.799,36.62188,4427.221
2016,MS,publica,superior,28471,96.25584,2220.263,2842.384,3268.694,3929.43,1632.64,22.87024,5716.939
2016,MT,publica,superior,35603,95.08468,1858.95,3093.65,3080.972,3806.79,1762.094,35.6599,3455.951
2016,AL,publica,superior,20513,81.77741,1622.64,2258.08,2328.616,2895.32,982.6879,30.45598,3058.337
2016,BA,publica,superior,98714,93.2036,1927.65,2994.61,3708.171,5014.49,2279.216,33.58435,4416.547
2016,CE,publica,superior,65278,90.67986,1515.415,2242.255,2621.247,3212.0,1670.203,31.28165,3351.802
2016,MA,publica,superior,57214,83.30653,1910.47,2641.945,2934.19,3491.17,1626.177,29.53066,3974.432
2016,PB,publica,superior,34768,91.28221,1654.52,2235.29,2413.068,2712.18,1752.53,34.81913,2772.118
2016,PE,publica,superior,54422,94.72272,1745.25,2654.55,2981.694,3574.28,1873.475,35.91558,3320.781
2016,PI,publica,superior,34032,86.37165,1595.68,2692.67,2732.074,3333.58,1702.642,35.37208,3089.526
2016,RN,publica,superior,26094,91.58427,2376.65,2862.69,3333.687,3531.8,2078.16,34.06109,3914.95
2016,SE,publica,superior,17017,93.3302,3108.45,3646.58,3889.813,4309.45,1812.551,38.67118,4023.475
2016,AC,publica,superior,8193,90.68717,1954.64,2283.09,2724.427,3092.655,1433.757,30.12388,3617.631
2016,AM,publica,superior,33490,92.77098,1778.73,2192.965,2622.578,3346.68,1451.439,30.61738,3426.261
2016,AP,publica,superior,8461,88.32289,2516.4,2851.21,3261.034,3610.63,1347.666,39.49684,3302.577
2016,PA,publica,superior,55468,92.40643,2728.68,3866.11,4203.973,5402.05,2016.504,29.17817,5763.174
2016,RO,publica,superior,14271,97.32324,2162.46,2557.44,2693.462,2914.13,1212.981,35.20444,3060.367
2016,RR,publica,superior,5337,96.47742,2218.08,2849.27,3620.808,4359.68,2118.226,33.46418,4327.981
2016,TO,publica,superior,14248,96.0977,2275.09,3397.7,3479.811,4202.54,1799.046,37.50302,3711.499
2016,ES,publica,superior,40520,95.80207,1892.63,2285.839,2700.561,2981.69,1746.615,28.33828,3811.891
2016,MG,publica,superior,192646,97.58936,1778.039,2191.77,2631.725,3049.79,1696.097,25.40402,4143.794
2016,RJ,publica,superior,103747,97.25582,1923.235,2611.24,3308.844,3897.65,2200.886,31.46822,4205.95
2016,SP,publica,superior,326601,98.28996,2291.76,3062.25,3470.215,4121.815,1860.569,32.19455,4311.556
2016,PR,publica,superior,107351,97.93854,1994.41,2696.38,3164.922,3662.69,1834.36,30.20652,4191.045
2016,RS,publica,superior,96482,98.60078,1883.2,2435.38,2884.118,3225.99,1834.372,26.42897,4365.084
2016,SC,publica,superior,61868,97.99088,1867.79,2819.53,3156.862,3868.54,1972.35,29.26587,4314.735
2017,DF,publica,superior,21496,96.65519,5061.8,6412.16,7017.586,9099.57,2438.305,35.22302,7969.317
2017,GO,publica,superior,45854,96.32529,2810.23,4151.8,4376.816,5526.42,2202.402,35.51248,4929.891
2017,MS,publica,superior,28973,96.13778,2351.445,2975.455,3442.461,4124.05,1737.628,22.62992,6084.795
2017,MT,publica,superior,35694,95.46422,2010.94,3443.81,3463.134,4357.67,2003.834,35.5324,3898.564
2017,AL,publica,superior,21270,82.14857,1671.17,2357.66,2544.827,3035.92,1609.942,29.86603,3408.323
2017,BA,publica,superior,101319,93.56291,2075.07,3206.35,3983.577,5302.95,2492.898,33.62311,4739.094
2017,CE,publica,superior,67401,91.29538,1532.27,2226.766,2694.053,3341.11,1830.612,30.03945,3587.354
2017,MA,publica,superior,59710,84.9305,2088.735,2753.07,3112.3,3628.96,1722.706,28.16937,4419.41
2017,PB,publica,superior,34171,92.7658,1874.48,2433.807,2669.432,2926.16,2031.469,34.58309,3087.557
2017,PE,publica,superior,53686,95.11791,1860.865,2865.32,3222.81,3810.66,2093.13,36.08759,3572.209
2017,PI,publica,superior,33784,87.78416,1712.12,2825.805,2996.61,3684.3,1968.138,34.68883,3455.418
2017,RN,publica,superior,25992,92.54001,2570.813,3116.5,3661.955,3838.4,2396.064,30.97647,4728.693
2017,SE,publica,superior,17251,97.88998,3364.76,3901.09,4214.526,4678.6,2061.687,38.16113,4417.611
2017,AC,publica,superior,8325,90.25826,2084.86,2511.26,2915.414,3348.78,1543.881,30.07232,3877.87
2017,AM,publica,superior,34443,92.75324,1744.31,2137.34,2611.147,3297.64,1547.184,30.00725,3480.687
2017,AP,publica,superior,8256,87.5969,1343.48,1615.58,2241.121,2545.41,1494.417,39.547,2266.793
2017,PA,publica,superior,58134,94.07576,2799.06,4001.44,4321.071,5559.72,2102.347,28.44304,6076.805
2017,RO,publica,superior,14294,96.44606,2205.45,2636.6,2852.071,3000.17,1468.871,35.0756,3252.484
2017,RR,publica,superior,5072,97.7918,2645.865,3767.17,4619.053,5915.77,2678.569,32.90489,5615.035
2017,TO,publica,superior,14694,97.38669,2384.23,3569.52,3680.633,4367.31,1986.894,37.63731,3911.685
2017,ES,publica,superior,40412,93.07631,1983.89,2380.12,2852.943,3097.84,2028.08,26.60774,4288.891
2017,MG,publica,superior,194120,97.98424,1941.825,2418.4,2907.044,3354.58,1902.497,25.26092,4603.226
2017,RJ,publica,superior,101913,97.32615,1907.93,2619.28,3444.58,4127.935,2423.412,29.16467,4724.32
2017,SP,publica,superior,324606,98.40699,2397.7,3229.58,3672.846,4392.6,2000.378,32.10819,4575.588
2017,PR,publica,superior,106089,97.9357,2184.98,2974.49,3393.429,3944.035,1923.58,24.08394,5636.002
2017,RS,publica,superior,95046,98.49336,1961.61,2536.07,3058.648,3412.54,2078.184,26.46908,4622.221
2017,SC,publica,superior,64212,97.83062,1929.826,2922.09,3357.129,4088.32,2235.069,29.17301,4603.061
2014,DF,estadual,total,21498,97.80445,4076.21,6279.06,6286.676,8306.37,2358.003,35.58148,7067.356
2014,GO,estadual,total,19661,99.72026,1696.81,3276.52,3137.185,4401.96,1484.865,37.12074,3380.52
2014,MS,estadual,total,12307,96.37605,1882.54,2486.44,2675.635,3305.9,1150.419,20.90986,5118.416
2014,MT,estadual,total,17833,98.18314,1070.687,2006.342,1996.416,2681.664,1078.771,39.99952,1996.439
2014,AL,estadual,total,6815,44.03522,1389.96,1492.73,1933.1,2195.47,883.6848,25.89546,2986.005
2014,BA,estadual,total,36757,78.41228,2138.47,4020.48,3888.516,5406.6,1935.859,33.5949,4629.889
2014,CE,estadual,total,20079,69.70467,1005.894,1538.356,1921.646,2621.86,1211.235,28.51273,2695.843
2014,MA,estadual,total,18617,94.38685,2179.01,2531.07,2703.347,3261.92,1236.74,23.86003,4532.009
2014,PB,estadual,total,16621,91.3122,858.16,1554.7,1560.675,2078.39,696.4494,30.01993,2079.519
2014,PE,estadual,total,24334,98.15895,1295.15,1770.68,2227.495,2825.83,1072.295,35.35668,2520.027
2014,PI,estadual,total,12419,90.89299,1198.04,2085.73,1987.15,2702.58,868.1812,32.71861,2429.382
2014,RN,estadual,total,9501,84.34902,2024.375,2275.82,2391.867,2669.79,523.8853,40.0,2391.867
2014,SE,estadual,total,6258,99.72835,3294.63,3671.42,3904.507,4274.14,929.0104,39.92584,3911.759
2014,AC,estadual,total,7063,87.56902,2010.94,2522.06,2601.378,3093.51,1030.176,27.75644,3748.863
2014,AM,estadual,total,15213,94.7019,1806.89,2123.42,2474.829,3062.76,991.2527,30.00246,3299.502
2014,AP,estadual,total,7461,80.67283,3416.27,4178.52,4618.167,5508.59,1674.481,39.97639,4620.894
2014,PA,estadual,total,16465,99.34406,3958.82,5172.69,5138.168,6231.78,1677.005,20.38301,10083.24
2014,RO,estadual,total,8264,98.31801,1988.63,2286.92,2214.4,2491.01,432.7655,38.09227,2325.301
2014,RR,estadual,total,4418,97.21593,2116.67,3054.32,3177.505,3956.3,1415.622,30.05294,4229.209
2014,TO,estadual,total,7374,99.18633,2895.54,3344.83,3202.456,3715.89,841.4548,39.99346,3202.979
2014,ES,estadual,total,14537,99.25019,1754.01,2163.61,2186.039,2539.67,803.4974,35.43716,2467.51
2014,MG,estadual,total,99912,98.38658,1524.45,1902.64,2147.587,2700.74,1035.43,24.28712,3536.998
2014,RJ,estadual,total,44517,97.22578,,,,,,,
2014,SP,estadual,total,173186,99.5092,1809.19,2399.58,2628.026,3257.44,1233.738,33.4825,3139.581
2014,PR,estadual,total,53589,99.59693,2038.09,2686.335,3104.833,3786.42,1703.81,27.57033,4504.6
2014,RS,estadual,total,50010,99.37612,1589.89,2009.12,2163.992,2480.81,914.1385,27.9383,3098.245
2014,SC,estadual,total,25128,99.59408,1575.06,2436.88,2547.644,3130.705,1188.248,25.93519,3929.248
2015,DF,estadual,total,21888,97.98977,5001.05,6701.79,6851.424,8898.84,2371.567,36.04393,7603.415
2015,GO,estadual,total,18461,99.69124,1756.52,3676.26,3448.364,4906.06,1668.194,39.21017,3517.826
2015,MS,estadual,total,12065,96.87526,2233.88,2898.638,3132.104,3840.97,1329.483,20.93261,5985.119
2015,MT,estadual,total,22168,97.97005,1253.33,2512.8,2488.163,3373.96,1438.5,39.99879,2488.238
2015,AL,estadual,total,6750,72.54815,1362.37,1472.46,1697.261,1839.12,908.6789,29.72505,2283.946
2015,BA,estadual,total,37329,78.09478,2153.17,4476.49,4364.331,6199.44,2332.626,33.73606,5174.678
2015,CE,estadual,total,19880,90.5835,1046.97,1546.122,1972.592,2809.4,1217.224,29.9698,2632.773
2015,MA,estadual,total,18990,96.37704,2226.02,2903.29,3077.682,3775.23,1524.606,23.8801,5155.224
2015,PB,estadual,total,15585,92.39012,920.5,1652.0,1648.509,2214.86,747.5521,30.01612,2196.832
2015,PE,estadual,total,22897,98.23994,1308.7,1792.42,2384.744,3104.59,1190.946,35.57095,2681.676
2015,PI,estadual,total,11796,90.19159,1390.55,2699.4,2291.562,3017.19,928.3254,32.72479,2801.011
2015,RN,estadual,total,8807,88.00954,2262.175,2536.32,2674.726,3016.354,597.7223,40.0,2674.726
2015,SE,estadual,total,6318,99.84172,3151.05,3441.65,3647.039,3917.82,829.994,39.93304,3653.154
2015,AC,estadual,total,7001,89.57292,2010.94,2520.15,2737.166,3206.63,1281.602,27.7971,3938.779
2015,AM,estadual,total,15928,95.22853,1704.3,2056.84,2406.514,3201.28,913.9842,30.00308,3208.356
2015,AP,estadual,total,7861,62.19311,4031.19,4960.12,5435.494,6307.25,1846.425,39.97872,5438.387
2015,PA,estadual,total,17195,98.90666,4140.29,5321.41,5255.073,6107.21,1627.56,20.48848,10259.57
2015,RO,estadual,total,7884,98.16083,2116.81,2445.98,2419.274,2646.07,606.6322,38.25256,2529.791
2015,RR,estadual,total,4435,97.13641,2226.29,3246.27,3377.259,4298.79,1527.111,30.83317,4381.331
2015,TO,estadual,total,7264,97.45319,3347.93,3531.68,3586.372,4027.65,913.9804,39.9981,3586.542
2015,ES,estadual,total,13822,99.31269,1788.2,2147.24,2238.774,2662.58,830.7622,35.12054,2549.817
2015,MG,estadual,total,100808,98.61122,1451.61,1793.29,2061.029,2556.93,1041.541,24.29381,3393.505
2015,RJ,estadual,total,41181,97.30458,1670.62,2089.94,2415.466,2704.97,1229.763,38.1822,2530.463
2015,SP,estadual,total,161481,99.4278,1905.58,2511.56,2800.283,3447.97,1383.455,32.56227,3439.912
2015,PR,estadual,total,52479,99.61508,2184.41,2899.519,3339.791,4064.44,1814.008,22.15362,6030.24
2015,RS,estadual,total,49549,99.51765,1785.89,2293.05,2483.442,2866.77,1072.06,30.35019,3273.05
2015,SC,estadual,total,24888,99.70267,1737.565,2721.96,2738.423,3357.75,1203.175,24.89733,4399.545
2016,DF,estadual,total,21478,96.85259,4799.34,6543.995,6848.11,8984.13,2401.674,35.92263,7625.398
2016,GO,estadual,total,19355,99.25601,1732.13,3604.69,3524.732,5244.74,1831.161,39.35446,3582.549
2016,MS,estadual,total,12340,96.98541,2512.137,3284.04,3594.892,4482.58,1641.84,20.81682,6907.667
2016,MT,estadual,total,20642,98.48367,1408.422,3093.65,2760.311,3648.87,1482.935,39.99705,2760.515
2016,AL,estadual,total,6630,79.51735,1280.0,1569.08,1717.133,1963.67,810.0615,31.80451,2159.61
2016,BA,estadual,total,35396,91.32953,1867.39,4565.48,4633.597,6908.19,2694.654,33.25606,5573.236
2016,CE,estadual,total,17822,90.40512,1253.035,1981.377,2341.519,3051.72,1325.041,30.21628,3099.679
2016,MA,estadual,total,18270,94.98632,2660.22,3213.57,3530.289,4314.91,1621.526,24.24226,5825.015
2016,PB,estadual,total,15133,92.18265,1006.66,1546.76,1654.992,2200.14,713.3871,30.01939,2205.232
2016,PE,estadual,total,21625,98.64046,1438.49,1768.835,2476.458,3251.25,1289.215,35.89189,2759.909
2016,PI,estadual,total,14535,80.17888,1455.2,2538.66,2371.231,3263.25,1082.806,32.23328,2942.587
2016,RN,estadual,total,8975,87.76602,2364.5,2768.328,2958.766,3369.57,777.6567,39.99722,2958.971
2016,SE,estadual,total,6288,99.71374,3448.15,3709.82,3878.164,4093.28,801.3227,39.84332,3893.414
2016,AC,estadual,total,6852,92.73205,1870.46,2251.08,2557.248,3016.43,1105.228,27.41314,3731.42
2016,AM,estadual,total,16213,94.40572,1914.245,2399.74,2700.594,3360.3,1034.153,30.00397,3600.315
2016,AP,estadual,total,7752,95.14964,2461.13,2851.21,3058.04,3370.26,1078.727,39.32952,3110.173
2016,PA,estadual,total,16866,99.2055,4317.68,5482.69,5470.487,6328.07,1713.963,20.48174,10683.63
2016,RO,estadual,total,7036,98.50767,2259.825,2557.44,2541.529,2763.69,557.8449,38.42073,2645.997
2016,RR,estadual,total,4426,97.24356,2218.08,3332.08,3594.143,4462.04,1617.946,35.31937,4070.45
2016,TO,estadual,total,7088,98.33521,3337.45,3425.7,3629.35,4202.54,993.0444,39.99916,3629.426
2016,ES,estadual,total,12157,99.07049,1992.118,2244.89,2412.559,2879.02,830.7722,34.05778,2833.49
2016,MG,estadual,total,106167,98.35542,1816.2,2151.84,2472.573,3073.98,1172.359,24.27947,4073.52
2016,RJ,estadual,total,41964,97.6313,1641.604,2052.395,2377.279,2634.905,1250.02,38.20166,2489.19
2016,SP,estadual,total,155306,99.45334,1950.5,2588.46,2912.339,3557.66,1529.104,33.07453,3522.152
2016,PR,estadual,total,53091,97.41199,2280.5,3121.49,3662.078,4474.75,2063.858,36.2442,4041.561
2016,RS,estadual,total,47108,99.67946,1802.325,2299.34,2511.271,2902.28,1091.525,30.62106,3280.45
2016,SC,estadual,total,25257,97.24037,1711.539,2654.05,2772.57,3419.49,1282.03,24.74598,4481.65
2017,DF,estadual,total,21672,97.37911,5061.8,6267.56,6880.792,9001.5,2265.371,35.06512,7849.158
2017,GO,estadual,total,19632,99.42441,2048.37,3693.887,3762.578,5539.31,1851.437,39.27672,3831.865
2017,MS,estadual,total,12239,97.45894,2778.71,3582.93,3865.37,4815.69,1638.754,20.68332,7475.339
2017,MT,estadual,total,20557,99.47463,1642.033,3576.515,3183.754,4379.89,1712.475,39.99868,3183.859
2017,AL,estadual,total,6437,80.93833,1335.0,1657.16,1830.519,2121.906,880.7072,32.00503,2287.79
2017,BA,estadual,total,34740,91.07945,1852.06,4957.37,4998.812,7550.02,2985.617,33.43808,5979.784
2017,CE,estadual,total,17951,90.41836,1155.263,1645.26,2231.318,3281.93,1420.21,29.07996,3069.217
2017,MA,estadual,total,17486,95.19044,2890.78,3414.25,3731.682,4724.45,1633.497,24.46557,6101.116
2017,PB,estadual,total,14776,88.23091,1168.66,1912.65,1900.392,2496.76,830.9236,30.00933,2533.068
2017,PE,estadual,total,20489,98.29665,1560.98,2208.13,2735.379,3660.72,1442.029,36.50123,2997.575
2017,PI,estadual,total,14372,78.15196,1465.14,2745.235,2579.296,3648.05,1214.686,32.03293,3220.805
2017,RN,estadual,total,8633,89.37797,2514.89,2885.49,3104.179,3465.48,759.4959,30.26968,4102.03
2017,SE,estadual,total,6405,99.59407,3636.46,3906.12,4052.702,4235.83,757.2288,39.89373,4063.498
2017,AC,estadual,total,8070,78.27757,2041.5,2519.132,2751.099,3288.52,1053.044,27.23838,4040.033
2017,AM,estadual,total,15993,93.65347,1711.24,2107.01,2422.044,3153.207,880.9772,30.00499,3228.855
2017,AP,estadual,total,7198,94.59572,1303.84,1528.89,1783.306,1962.61,897.3204,39.28617,1815.708
2017,PA,estadual,total,15920,99.00754,4544.48,5664.09,5601.534,6423.77,1693.379,20.53781,10909.7
2017,RO,estadual,total,6834,98.4343,2390.17,2683.02,2665.747,2906.61,558.5852,38.56182,2765.168
2017,RR,estadual,total,3926,98.21701,3310.76,4365.83,4932.745,6149.22,1967.261,33.80733,5836.303
2017,TO,estadual,total,7319,99.60377,3454.32,3642.0,3776.949,4368.59,1057.996,39.98359,3778.5
2017,ES,estadual,total,11536,98.60437,2127.79,2380.12,2591.604,3105.53,903.7845,29.12126,3559.741
2017,MG,estadual,total,104421,98.78185,2091.08,2475.46,2841.286,3531.05,1335.189,24.29308,4678.345
2017,RJ,estadual,total,39426,98.05205,1659.56,2027.185,2347.538,2492.41,1232.203,25.51069,3680.87
2017,SP,estadual,total,148744,99.36199,2032.594,2638.064,2992.715,3611.91,1565.27,32.56582,3675.898
2017,PR,estadual,total,47966,96.81441,2597.06,3503.41,3952.027,4860.16,2109.775,22.68374,6968.915
2017,RS,estadual,total,44531,99.2275,1808.61,2311.53,2496.681,2914.31,998.6759,30.92428,3229.412
2017,SC,estadual,total,25164,96.23271,1624.25,2591.16,2752.654,3529.415,1340.663,24.23749,4542.803
2014,DF,privada,total,9503,86.62528,1364.61,2093.485,2634.079,3327.887,1869.507,27.8141,3788.119
2014,GO,privada,total,16009,69.89818,960.14,1303.72,1707.436,1997.84,1208.795,31.06127,2198.798
2014,MS,privada,total,6041,66.71081,1012.18,1497.304,1769.955,2250.773,1024.527,29.09467,2433.373
2014,MT,privada,total,5967,72.44847,1165.92,1571.413,1853.527,2241.75,1035.834,28.6153,2590.96
2014,AL,privada,total,6927,62.72557,758.49,943.68,1241.02,1485.67,755.7832,29.34429,1691.669
2014,BA,privada,total,29749,58.38516,746.12,1078.156,1453.034,1769.63,1071.564,31.05637,1871.479
2014,CE,privada,total,21246,60.71731,739.765,858.42,1269.206,1484.2,1099.159,32.63847,1555.473
2014,MA,privada,total,11971,43.02899,767.12,1066.71,1416.794,1650.16,1041.425,31.40888,1804.323
2014,PB,privada,total,10212,54.42617,711.9854,781.81,1101.25,1345.265,746.2732,26.66617,1651.906
2014,PE,privada,total,26589,61.07413,800.52,1072.44,1399.954,1682.175,995.3435,31.0062,1806.03
2014,PI,privada,total,7132,54.0101,766.66,962.3085,1407.692,1601.24,1157.181,29.57527,1903.877
2014,RN,privada,total,9017,67.68326,739.8287,911.47,1259.043,1526.68,876.743,33.49051,1503.761
2014,SE,privada,total,6182,71.80524,726.25,874.8223,1221.866,1470.72,947.2768,32.58484,1499.92
2014,AC,privada,total,718,74.09471,1606.0,1970.599,2160.688,2511.65,985.1697,30.88749,2798.14
2014,AM,privada,total,4627,75.25394,1108.58,1680.36,2119.008,2798.36,1379.349,33.99871,2493.046
2014,AP,privada,total,1297,65.30455,1023.89,1399.175,1666.416,2017.705,924.3236,29.24871,2278.96
2014,PA,privada,total,11899,57.56786,913.85,1222.96,1667.31,1967.522,1226.611,27.94147,2386.86
2014,RO,privada,total,2804,56.95435,1036.08,1509.17,1866.673,2318.04,1128.085,30.17242,2474.675
2014,RR,privada,total,683,77.89165,1011.395,1687.46,1877.32,2288.89,1142.934,33.58356,2235.998
2014,TO,privada,total,2132,64.49343,1090.94,1605.7,1950.032,2336.54,1567.162,31.38921,2484.971
2014,ES,privada,total,6954,78.5591,1163.0,1681.24,2006.255,2441.83,1344.421,29.91372,2682.721
2014,MG,privada,total,52836,64.70399,1151.81,1652.12,2044.181,2473.32,1366.493,28.78065,2841.049
2014,RJ,privada,total,64469,74.01232,927.61,1173.23,1759.918,1962.13,1624.3,29.79468,2362.728
2014,SP,privada,total,143218,81.14413,1304.548,1891.13,2464.566,2876.35,1891.688,31.31786,3147.808
2014,PR,privada,total,33297,67.57666,1010.84,1432.45,1813.036,2144.08,1259.124,28.48448,2545.998
2014,RS,privada,total,27329,73.82634,1122.64,1609.67,1961.818,2411.0,1227.028,27.06247,2899.688
2014,SC,privada,total,16525,78.7534,1143.99,1686.23,1955.276,2443.72,1146.977,30.52736,2561.997
2015,DF,privada,total,9945,86.59628,1466.64,2346.24,2964.339,3668.25,2169.68,27.39182,4328.794
2015,GO,privada,total,16101,70.60431,1061.66,1419.22,1870.219,2171.78,1379.232,31.21366,2396.667
2015,MS,privada,total,6306,68.33175,1123.64,1647.5,1946.718,2464.76,1118.626,29.23145,2663.868
2015,MT,privada,total,5948,75.28581,1266.99,1744.91,2073.048,2531.57,1178.26,27.95955,2965.782
2015,AL,privada,total,7399,63.37343,828.58,1032.82,1359.586,1658.14,842.7286,29.98713,1813.56
2015,BA,privada,total,30053,59.15549,821.57,1220.855,1618.372,1961.63,1226.089,30.72027,2107.237
2015,CE,privada,total,21668,60.86856,809.25,960.42,1388.457,1619.77,1187.247,32.4757,1710.149
2015,MA,privada,total,12683,44.14571,828.9,1138.13,1494.297,1758.14,1040.981,31.03948,1925.673
2015,PB,privada,total,10076,53.21556,765.2154,850.9874,1154.966,1368.38,739.0487,27.48077,1681.126
2015,PE,privada,total,26121,61.62475,867.53,1149.706,1519.336,1828.24,1075.165,30.47937,1993.921
2015,PI,privada,total,7262,56.59598,822.83,1007.968,1508.118,1701.11,1270.018,29.59195,2038.551
2015,RN,privada,total,9334,69.67002,807.7,1004.02,1364.69,1653.48,964.422,33.72054,1618.824
2015,SE,privada,total,6076,72.4819,803.92,956.57,1311.023,1580.25,971.1053,32.83428,1597.139
2015,AC,privada,total,688,77.32558,1598.504,2090.022,2257.472,2648.57,1022.73,30.71078,2940.299
2015,AM,privada,total,4754,73.76946,1203.76,1814.1,2266.699,2950.92,1522.034,33.27685,2724.656
2015,AP,privada,total,1423,60.4357,1004.16,1472.658,1738.368,2121.01,946.8554,30.56882,2274.695
2015,PA,privada,total,12023,57.68943,987.18,1316.86,1811.023,2130.4,1328.342,28.82825,2512.846
2015,RO,privada,total,2834,56.49259,1202.76,1722.2,2058.229,2506.25,1174.037,29.59887,2781.498
2015,RR,privada,total,756,82.67196,1145.05,1695.781,1932.08,2342.88,1100.153,33.11616,2333.701
2015,TO,privada,total,2209,65.7311,1211.38,1766.07,2139.063,2518.9,1706.723,30.39108,2815.383
2015,ES,privada,total,7024,78.65888,1269.58,1809.8,2179.013,2660.73,1465.226,29.28459,2976.328
2015,MG,privada,total,51646,65.70499,1267.01,1796.545,2218.894,2658.13,1477.981,28.50123,3114.103
2015,RJ,privada,total,63522,75.15506,1013.25,1298.675,1955.805,2183.1,1819.602,29.71838,2632.451
2015,SP,privada,total,144334,82.51902,1437.73,2045.17,2675.542,3099.38,2066.764,31.17544,3432.884
2015,PR,privada,total,33645,66.42889,1105.76,1568.25,1965.204,2326.39,1347.937,28.55102,2753.252
2015,RS,privada,total,28297,74.28349,1254.08,1738.425,2117.626,2568.5,1291.338,27.34201,3097.982
2015,SC,privada,total,16745,79.61182,1277.87,1826.18,2127.409,2659.395,1238.378,30.42815,2796.633
2016,DF,privada,total,9888,88.19782,1583.135,2588.035,3307.182,4090.42,2457.421,27.12976,4876.094
2016,GO,privada,total,16122,71.28768,1186.5,1542.85,2045.229,2371.0,1512.024,31.25306,2617.637
2016,MS,privada,total,6124,70.18289,1238.5,1835.27,2139.669,2639.77,1238.242,28.7219,2979.842
2016,MT,privada,total,5943,74.84435,1386.57,1895.867,2284.193,2783.352,1327.268,28.00086,3263.034
2016,AL,privada,total,7704,62.99325,904.44,1069.01,1417.863,1737.21,855.2045,29.28082,1936.916
2016,BA,privada,total,31939,60.80967,905.07,1299.09,1736.188,2088.63,1306.687,30.44402,2281.155
2016,CE,privada,total,21737,61.75645,902.0,1049.73,1487.463,1783.11,1215.144,32.12506,1852.091
2016,MA,privada,total,13217,43.73912,909.33,1230.09,1612.025,1869.318,1121.341,31.58079,2041.78
2016,PB,privada,total,10438,55.97816,856.18,950.42,1265.549,1483.525,812.6476,27.3517,1850.779
2016,PE,privada,total,26666,62.80282,946.22,1229.22,1633.288,1968.98,1145.693,30.02154,2176.155
2016,PI,privada,total,7565,57.69993,921.0,1105.007,1701.526,1916.6,1489.214,29.02218,2345.139
2016,RN,privada,total,9192,70.43081,892.1,1081.25,1461.309,1792.11,1010.778,33.65299,1736.914
2016,SE,privada,total,6287,72.33975,891.11,1056.4,1400.208,1688.34,989.5997,32.6578,1715.006
2016,AC,privada,total,705,80.56738,1568.59,2070.69,2293.82,2770.62,1034.915,31.24449,2936.607
2016,AM,privada,total,4652,73.81771,1250.0,1868.59,2363.382,2965.67,1554.682,32.87387,2875.698
2016,AP,privada,total,1411,65.69809,1064.164,1550.33,1820.985,2223.548,995.7955,30.60833,2379.725
2016,PA,privada,total,12395,58.09601,1078.49,1415.35,1915.082,2237.8,1407.235,28.40999,2696.35
2016,RO,privada,total,2691,59.86622,1264.796,1811.08,2151.984,2706.44,1197.395,29.92468,2876.534
2016,RR,privada,total,770,85.71429,1263.15,1904.333,2101.095,2689.94,1088.625,30.68691,2738.751
2016,TO,privada,total,2404,63.97671,1283.88,1922.19,2297.678,2722.03,1803.624,30.05948,3057.509
2016,ES,privada,total,6793,79.90579,1375.43,1940.69,2362.722,2874.92,1578.277,29.24145,3232.017
2016,MG,privada,total,50706,66.42606,1358.9,1914.67,2378.186,2827.09,1618.993,28.20716,3372.458
2016,RJ,privada,total,63650,74.76512,1099.655,1384.7,2065.656,2286.61,1915.228,29.90825,2762.657
2016,SP,privada,total,143734,83.84098,1576.74,2187.13,2854.459,3256.1,2151.684,31.2944,3648.524
2016,PR,privada,total,33406,67.76328,1218.65,1738.85,2162.367,2557.79,1456.975,28.85124,2997.954
2016,RS,privada,total,28237,75.32316,1388.12,1935.93,2340.85,2830.24,1413.9,27.89831,3356.261
2016,SC,privada,total,16235,80.12319,1413.34,2029.8,2345.99,2917.33,1359.564,30.84292,3042.501
2017,DF,privada,total,9919,87.99274,1876.77,2777.14,3544.922,4327.55,2582.127,27.23468,5206.483
2017,GO,privada,total,15550,72.1672,1275.66,1677.08,2208.304,2601.19,1588.766,30.76458,2871.229
2017,MS,privada,total,6073,71.85905,1344.47,2023.76,2349.224,2871.93,1400.917,28.69231,3275.058
2017,MT,privada,total,5950,77.10924,1487.375,2097.306,2479.762,3055.32,1397.6,27.57291,3597.389
2017,AL,privada,total,7819,62.96202,971.19,1173.792,1568.316,1975.5,946.978,29.22257,2146.719
2017,BA,privada,total,32460,60.37585,965.54,1399.99,1853.776,2235.09,1390.885,30.25338,2451.0
2017,CE,privada,total,21661,61.87618,961.29,1122.571,1605.593,1920.85,1335.641,31.5609,2034.914
2017,MA,privada,total,13544,43.57649,967.36,1304.48,1728.26,2031.9,1204.413,31.53298,2192.321
2017,PB,privada,total,10636,56.74126,942.74,1035.14,1421.197,1647.69,967.8752,26.12039,2176.379
2017,PE,privada,total,26445,61.78484,1016.64,1287.9,1745.169,2113.02,1230.913,30.16063,2314.499
2017,PI,privada,total,7321,58.5166,984.7044,1198.9,1816.655,2044.91,1574.317,27.92663,2602.04
2017,RN,privada,total,9008,72.3135,960.85,1179.443,1558.892,1927.44,1016.504,32.66321,1909.05
2017,SE,privada,total,6404,72.37664,940.0,1086.59,1448.871,1748.42,1054.536,32.11322,1804.703
2017,AC,privada,total,643,82.42613,1650.369,2179.253,2422.054,2893.29,1115.355,28.20137,3435.37
2017,AM,privada,total,4488,74.04189,1316.83,1926.05,2499.44,3128.19,1655.992,32.4221,3083.625
2017,AP,privada,total,1384,64.66763,1122.437,1687.57,1960.365,2445.09,1106.213,31.88941,2458.954
2017,PA,privada,total,12289,57.81593,1165.28,1490.428,2013.098,2395.21,1458.355,28.3238,2842.978
2017,RO,privada,total,2574,63.94716,1313.88,1866.59,2146.507,2636.56,1142.003,28.88376,2972.614
2017,RR,privada,total,749,82.51001,1393.12,1953.73,2204.575,2687.7,1148.217,28.90248,3051.053
2017,TO,privada,total,2309,64.14032,1390.215,2056.6,2390.784,2890.293,1637.731,29.75733,3213.708
2017,ES,privada,total,6573,82.59547,1455.027,2078.305,2476.82,3036.07,1566.914,29.44006,3365.238
2017,MG,privada,total,49696,67.75998,1481.313,2074.27,2549.855,3015.17,1723.962,27.83921,3663.689
2017,RJ,privada,total,64149,74.57794,1170.4,1466.59,2188.675,2428.11,2029.815,29.89408,2928.573
2017,SP,privada,total,144476,84.28528,1708.256,2389.91,3085.526,3503.3,2325.158,31.18735,3957.408
2017,PR,privada,total,33004,70.31875,1307.88,1848.07,2293.397,2713.68,1554.089,28.42498,3227.298
2017,RS,privada,total,27992,75.92526,1500.27,2083.057,2518.957,3044.58,1508.713,27.41609,3675.151
2017,SC,privada,total,16432,80.53189,1508.25,2173.74,2479.044,3062.4,1424.949,29.82841,3324.407
2014,DF,publica,total,22000,97.29091,4085.37,6304.34,6305.998,8313.36,2380.265,35.63855,7077.727
2014,GO,publica,total,51619,94.45747,1881.85,2865.84,3101.364,4055.02,1615.557,35.83592,3461.738
2014,MS,publica,total,30218,92.39195,1693.612,2168.0,2486.729,3044.12,1231.476,24.37808,4080.271
2014,MT,publica,total,35075,94.02994,1294.735,2043.078,2227.785,2784.51,1404.617,35.36853,2519.512
2014,AL,publica,total,31446,68.77504,1392.12,1841.19,2091.166,2397.63,1325.402,29.91291,2796.339
2014,BA,publica,total,146108,84.53678,1369.94,2073.36,2644.003,3460.89,1703.395,33.59086,3148.479
2014,CE,publica,total,85557,84.30754,1071.39,1552.0,1901.279,2388.405,1250.557,32.42858,2345.189
2014,MA,publica,total,101135,68.91877,1265.3,1826.49,2051.36,2503.075,1150.906,30.98139,2648.505
2014,PB,publica,total,46796,89.28114,1136.49,1721.61,1855.147,2152.77,1326.951,34.63247,2142.668
2014,PE,publica,total,76689,91.03131,1376.39,1983.07,2283.267,2777.11,1328.923,35.92594,2542.193
2014,PI,publica,total,43508,82.12742,1198.04,2006.45,2036.444,2642.37,1118.254,35.24557,2311.15
2014,RN,publica,total,32302,88.65086,1852.01,2211.64,2506.524,2705.47,1591.83,34.86901,2875.36
2014,SE,publica,total,19702,95.05634,2537.37,3265.14,3413.665,3947.05,1521.106,38.54119,3542.874
2014,AC,publica,total,12245,79.11801,1727.58,2212.04,2392.384,2974.71,1145.393,31.18284,3068.847
2014,AM,publica,total,42061,86.07023,1471.91,1874.95,2213.693,2825.65,1197.991,30.54688,2898.749
2014,AP,publica,total,11216,77.97789,3087.79,3728.89,4112.115,5165.59,1831.784,40.76109,4035.334
2014,PA,publica,total,80437,89.24997,1749.41,2635.7,3111.099,4056.68,1822.887,30.12731,4130.604
2014,RO,publica,total,16736,98.26123,1803.12,2166.9,2230.937,2512.69,848.7095,35.47299,2515.645
2014,RR,publica,total,7730,91.88875,1818.82,2221.63,2840.704,3405.69,1533.217,31.43671,3614.506
2014,TO,publica,total,17384,95.98481,1723.83,2447.14,2703.519,3565.72,1448.828,37.1699,2909.364
2014,ES,publica,total,45196,95.92442,1648.46,2080.44,2300.914,2541.546,1365.861,28.60492,3217.508
2014,MG,publica,total,209624,97.95205,1415.34,1849.63,2176.026,2545.15,1409.305,25.83928,3368.555
2014,RJ,publica,total,131719,96.16456,,,,,,,
2014,SP,publica,total,371575,97.74393,1982.495,2615.83,2941.501,3497.99,1537.325,32.43142,3627.964
2014,PR,publica,total,112232,97.69584,1591.595,2219.34,2577.185,3013.22,1539.69,26.16076,3940.535
2014,RS,publica,total,112161,97.90747,1567.715,2036.4,2365.29,2656.19,1440.167,26.299,3597.537
2014,SC,publica,total,71214,97.35445,1467.681,2191.265,2503.97,3067.455,1536.364,29.37655,3409.481
2015,DF,publica,total,22416,97.49732,5007.1,6735.18,6895.128,8929.72,2434.147,36.09977,7640.08
2015,GO,publica,total,50424,94.65136,2088.23,3285.25,3520.34,4574.36,1903.921,36.62401,3844.843
2015,MS,publica,total,30383,96.35981,1939.39,2513.47,2878.211,3554.977,1439.992,23.49224,4900.702
2015,MT,publica,total,39768,94.10581,1413.595,2512.8,2625.343,3349.58,1657.864,35.84739,2929.467
2015,AL,publica,total,31272,72.21476,1463.29,1942.42,2072.945,2548.83,917.7218,30.63197,2706.904
2015,BA,publica,total,144775,84.68106,1534.95,2338.28,2996.235,3928.55,1960.124,33.3178,3597.158
2015,CE,publica,total,86082,89.04301,1175.35,1705.67,2106.839,2707.88,1455.048,31.6334,2664.069
2015,MA,publica,total,102397,69.24715,1403.63,2037.0,2325.804,2840.97,1379.173,30.80147,3020.381
2015,PB,publica,total,45267,90.77032,1288.91,1944.71,2083.516,2434.48,1509.114,34.76536,2397.233
2015,PE,publica,total,75170,91.74937,1526.975,2212.22,2553.867,3104.59,1636.548,35.71423,2860.336
2015,PI,publica,total,43176,83.01834,1390.485,2319.88,2394.924,3009.14,1445.078,35.6793,2684.944
2015,RN,publica,total,31741,81.92243,2069.24,2517.63,2921.256,3134.72,1984.254,35.35859,3304.72
2015,SE,publica,total,19790,88.89843,2737.38,3316.2,3541.476,4026.95,1678.65,38.47669,3681.684
2015,AC,publica,total,12172,83.07591,1809.86,2234.04,2544.602,3017.1,1412.513,31.40726,3240.782
2015,AM,publica,total,43291,84.95992,1572.71,1898.61,2268.479,2901.29,1261.692,30.18817,3005.785
2015,AP,publica,total,11655,66.92407,3464.88,4410.85,4679.177,5925.51,2061.048,39.28194,4764.711
2015,PA,publica,total,81483,90.58454,2033.0,2994.35,3415.618,4461.5,1891.733,30.20892,4522.662
2015,RO,publica,total,16316,98.38809,1991.545,2395.07,2486.638,2724.17,1072.816,35.35752,2813.137
2015,RR,publica,total,7792,93.83984,2093.926,2494.84,3073.354,3582.89,1717.092,31.13281,3948.701
2015,TO,publica,total,17895,95.17184,1917.0,2700.72,3020.516,3858.87,1645.709,37.22457,3245.723
2015,ES,publica,total,44361,95.69892,1766.13,2170.17,2496.942,2776.32,1571.166,28.98244,3446.144
2015,MG,publica,total,212193,96.98199,1466.33,1851.33,2229.073,2581.41,1506.33,25.82641,3452.393
2015,RJ,publica,total,127055,96.57392,1789.17,2394.84,2908.509,3439.63,1771.848,30.95552,3758.306
2015,SP,publica,total,360693,98.01022,2120.82,2806.35,3180.507,3782.6,1681.513,32.01694,3973.53
2015,PR,publica,total,116515,98.02858,1790.64,2429.93,2809.576,3244.325,1635.618,24.05548,4671.828
2015,RS,publica,total,112145,97.94998,1738.74,2270.34,2648.675,2974.41,1649.76,26.5999,3982.986
2015,SC,publica,total,72838,95.28406,1621.981,2452.84,2738.579,3328.87,1706.783,29.03498,3772.799
2016,DF,publica,total,22103,96.22223,4822.25,6600.42,6911.547,9022.73,2486.586,35.99375,7680.83
2016,GO,publica,total,51593,94.8869,2148.64,3607.7,3837.779,5049.18,2099.255,36.78644,4173.037
2016,MS,publica,total,30885,95.95273,2154.13,2771.994,3191.327,3863.17,1626.809,22.97327,5556.592
2016,MT,publica,total,38653,94.72486,1692.49,3044.0,2983.009,3721.35,1758.992,35.46855,3364.117
2016,AL,publica,total,31045,73.9475,1518.29,2087.22,2197.812,2729.38,967.8608,30.81717,2852.711
2016,BA,publica,total,145088,87.68127,1693.37,2591.32,3322.816,4373.42,2193.746,33.84787,3926.765
2016,CE,publica,total,85561,88.53333,1360.6,1992.436,2395.276,3051.72,1593.447,30.85795,3104.906
2016,MA,publica,total,102787,66.78666,1593.26,2298.845,2624.359,3160.14,1553.319,30.47611,3444.481
2016,PB,publica,total,44561,88.79962,1318.21,2127.29,2265.868,2633.19,1641.854,35.03508,2586.97
2016,PE,publica,total,73394,90.53192,1606.67,2436.46,2759.387,3310.96,1781.361,35.75137,3087.307
2016,PI,publica,total,46246,79.54418,1496.97,2487.64,2602.635,3290.67,1621.323,35.50694,2931.973
2016,RN,publica,total,31710,88.9404,2304.3,2768.45,3169.116,3454.3,2017.77,34.00497,3727.827
2016,SE,publica,total,19696,92.30808,2908.48,3613.23,3772.222,4240.37,1790.61,38.60344,3908.69
2016,AC,publica,total,11958,84.85533,1809.86,2103.58,2464.007,2840.49,1406.591,31.09769,3169.375
2016,AM,publica,total,44086,85.69841,1708.72,2084.48,2471.584,3170.71,1419.074,30.66079,3224.424
2016,AP,publica,total,11729,86.00051,2431.4,2851.21,3175.344,3568.63,1367.201,39.66616,3202.069
2016,PA,publica,total,81000,88.3037,2284.54,3331.255,3728.88,4849.77,1993.266,30.43811,4900.279
2016,RO,publica,total,15674,97.14176,2140.33,2557.44,2672.042,2914.13,1201.148,35.25422,3031.741
2016,RR,publica,total,7895,95.57948,2181.11,2620.52,3274.461,3833.66,1909.918,33.77337,3878.157
2016,TO,publica,total,17680,94.59842,2109.23,2937.41,3232.005,4048.08,1753.624,37.15267,3479.701
2016,ES,publica,total,42532,95.76554,1864.07,2274.43,2676.182,2962.65,1727.631,28.29957,3782.647
2016,MG,publica,total,217650,97.31404,1707.805,2139.31,2545.14,2953.5,1644.597,25.63734,3970.988
2016,RJ,publica,total,128452,96.66257,1865.08,2550.22,3203.579,3806.77,2117.54,31.23889,4102.039
2016,SP,publica,total,356439,98.00667,2241.55,3003.65,3407.695,4053.38,1835.362,32.32696,4216.536
2016,PR,publica,total,119162,96.8933,1945.95,2631.61,3082.772,3569.87,1802.47,30.30058,4069.588
2016,RS,publica,total,110977,97.87343,1852.05,2402.746,2819.876,3169.36,1770.323,26.67136,4229.069
2016,SC,publica,total,73498,97.48292,1775.333,2649.3,3008.393,3668.98,1899.756,29.35554,4099.251
2017,DF,publica,total,22323,96.73879,5061.8,6351.46,6977.907,9056.16,2422.761,35.15988,7938.489
2017,GO,publica,total,52290,95.81373,2424.97,3894.74,4164.595,5380.413,2220.567,35.72841,4662.503
2017,MS,publica,total,31569,95.95806,2286.764,2908.081,3357.958,4022.045,1728.382,22.74186,5906.214
2017,MT,publica,total,38648,94.81733,1859.16,3281.54,3359.579,4309.17,1999.624,35.35252,3801.233
2017,AL,publica,total,31207,74.4929,1571.45,2224.91,2395.864,2892.92,1498.139,29.94118,3200.761
2017,BA,publica,total,146232,87.95886,1820.66,2804.46,3589.704,4668.45,2406.273,33.76522,4252.545
2017,CE,publica,total,86517,89.41017,1415.04,2016.49,2508.675,3265.78,1743.872,29.60694,3389.307
2017,MA,publica,total,103730,68.73421,1829.23,2494.64,2836.479,3332.48,1635.086,28.99147,3913.535
2017,PB,publica,total,44467,89.24821,1466.25,2314.69,2503.318,2836.85,1896.674,34.80514,2876.952
2017,PE,publica,total,72343,91.87205,1724.1,2617.73,2963.17,3584.88,1982.115,35.9515,3296.853
2017,PI,publica,total,46862,79.09394,1617.68,2608.82,2843.471,3623.72,1869.906,34.65464,3282.067
2017,RN,publica,total,30996,89.91483,2481.36,3036.97,3503.306,3751.35,2315.606,31.1649,4496.476
2017,SE,publica,total,19993,96.61381,3184.98,3838.67,4079.521,4570.46,2039.101,38.08111,4285.086
2017,AC,publica,total,13251,78.68085,1966.55,2292.835,2642.024,3081.6,1495.732,30.73085,3438.921
2017,AM,publica,total,44950,87.65072,1680.16,2012.7,2471.118,2962.485,1482.879,29.9344,3302.044
2017,AP,publica,total,11121,86.03543,1342.45,1654.32,2284.949,2667.56,1505.76,39.74822,2299.423
2017,PA,publica,total,81545,91.08958,2408.912,3512.05,3901.288,5091.13,2067.748,29.25026,5335.048
2017,RO,publica,total,15502,96.40692,2185.745,2634.37,2830.106,3000.17,1438.596,35.09801,3225.375
2017,RR,publica,total,7360,97.32337,2597.77,3378.68,4169.368,5170.56,2432.904,33.00781,5052.584
2017,TO,publica,total,18267,95.89424,2281.535,3198.84,3434.68,4088.77,1919.985,37.44332,3669.204
2017,ES,publica,total,42287,92.92927,1965.32,2371.99,2829.202,3077.86,2003.636,26.60442,4253.733
2017,MG,publica,total,217407,97.75168,1859.69,2369.21,2814.402,3247.21,1847.453,25.47116,4419.748
2017,RJ,publica,total,125898,96.5901,1862.275,2590.565,3367.158,4080.23,2340.102,29.39534,4581.894
2017,SP,publica,total,352009,98.10033,2362.61,3166.63,3615.566,4319.54,1971.318,32.20837,4490.219
2017,PR,publica,total,115827,96.94631,2139.46,2887.895,3320.013,3852.8,1899.292,24.54554,5410.372
2017,RS,publica,total,109152,97.70045,1930.165,2499.5,2990.103,3351.075,2000.108,26.69832,4479.837
2017,SC,publica,total,74808,97.12865,1828.61,2763.93,3212.014,3926.29,2160.402,29.21195,4398.218
